Name,Category,CategoryID,GO,Description,LogP,Enrichment,Z-score,#TotalGeneInLibrary,#GeneInGO,#GeneInHitList,#GeneInGOAndHitList,%InGO,STDV %InGO,GeneID,Hits,Log(q-value)
hits,GO Biological Processes,19,GO:0071222,cellular response to lipopolysaccharide,-9.1,19,13,24155,205,55,9,16,5,1437|1440|2919|2920|2921|4792|5142|7124|353376,CSF2|CSF3|CXCL1|CXCL2|CXCL3|NFKBIA|PDE4B|TNF|TICAM2,-6.3
hits,GO Biological Processes,19,GO:0071219,cellular response to molecule of bacterial origin,-8.9,19,12,24155,212,55,9,16,5,1437|1440|2919|2920|2921|4792|5142|7124|353376,CSF2|CSF3|CXCL1|CXCL2|CXCL3|NFKBIA|PDE4B|TNF|TICAM2,-6.2
hits,KEGG Pathway,24,hsa04657,IL-17 signaling pathway,-8.8,33,15,24155,93,55,7,13,4.5,1437|1440|2919|2920|2921|4792|7124,CSF2|CSF3|CXCL1|CXCL2|CXCL3|NFKBIA|TNF,-6.1
hits,GO Biological Processes,19,GO:0071216,cellular response to biotic stimulus,-8.5,17,12,24155,236,55,9,16,5,1437|1440|2919|2920|2921|4792|5142|7124|353376,CSF2|CSF3|CXCL1|CXCL2|CXCL3|NFKBIA|PDE4B|TNF|TICAM2,-5.9
hits,KEGG Pathway,24,hsa04668,TNF signaling pathway,-8.3,28,14,24155,108,55,7,13,4.5,330|1437|2919|2920|2921|4792|7124,BIRC3|CSF2|CXCL1|CXCL2|CXCL3|NFKBIA|TNF,-5.8
hits,GO Biological Processes,19,GO:0019221,cytokine-mediated signaling pathway,-7.7,7.2,8.4,24155,798,55,13,24,5.7,330|335|1278|1437|1440|1441|2919|2920|2921|4313|4792|7124|353376,BIRC3|APOA1|COL1A2|CSF2|CSF3|CSF3R|CXCL1|CXCL2|CXCL3|MMP2|NFKBIA|TNF|TICAM2,-5.2
hits,GO Biological Processes,19,GO:0032496,response to lipopolysaccharide,-7.3,12,9.6,24155,330,55,9,16,5,1437|1440|2919|2920|2921|4792|5142|7124|353376,CSF2|CSF3|CXCL1|CXCL2|CXCL3|NFKBIA|PDE4B|TNF|TICAM2,-4.9
hits,Reactome Gene Sets,6,R-HSA-6783783,Interleukin-10 signaling,-7.1,47,15,24155,47,55,5,9.1,3.9,1437|1440|2919|2920|7124,CSF2|CSF3|CXCL1|CXCL2|TNF,-4.8
hits,GO Biological Processes,19,GO:0002237,response to molecule of bacterial origin,-7.1,12,9.4,24155,343,55,9,16,5,1437|1440|2919|2920|2921|4792|5142|7124|353376,CSF2|CSF3|CXCL1|CXCL2|CXCL3|NFKBIA|PDE4B|TNF|TICAM2,-4.8
hits,KEGG Pathway,24,hsa04064,NF-kappa B signaling pathway,-7.1,28,12,24155,95,55,6,11,4.2,330|2920|4792|5579|7124|353376,BIRC3|CXCL2|NFKBIA|PRKCB|TNF|TICAM2,-4.8
hits,KEGG Pathway,24,hsa05146,Amoebiasis,-7.1,27,12,24155,96,55,6,11,4.2,733|1278|1437|2919|5579|7124,C8G|COL1A2|CSF2|CXCL1|PRKCB|TNF,-4.8
hits,KEGG Pathway,24,hsa05134,Legionellosis,-6.8,40,14,24155,55,55,5,9.1,3.9,2919|2920|2921|4792|7124,CXCL1|CXCL2|CXCL3|NFKBIA|TNF,-4.5
hits,KEGG Pathway,24,hsa04060,Cytokine-cytokine receptor interaction,-6.8,13,9.5,24155,270,55,8,15,4.8,1437|1440|1441|2919|2920|2921|7124|8743,CSF2|CSF3|CSF3R|CXCL1|CXCL2|CXCL3|TNF|TNFSF10,-4.5
hits,GO Biological Processes,19,GO:0071396,cellular response to lipid,-6,7.2,7.4,24155,610,55,10,18,5.2,1437|1440|2919|2920|2921|4537|4792|5142|7124|353376,CSF2|CSF3|CXCL1|CXCL2|CXCL3|ND3|NFKBIA|PDE4B|TNF|TICAM2,-3.9
hits,KEGG Pathway,24,hsa04621,NOD-like receptor signaling pathway,-5.6,16,9.1,24155,170,55,6,11,4.2,330|2919|2920|2921|4792|7124,BIRC3|CXCL1|CXCL2|CXCL3|NFKBIA|TNF,-3.5
hits,GO Biological Processes,19,GO:0007249,I-kappaB kinase/NF-kappaB signaling,-5.6,11,8.2,24155,269,55,7,13,4.5,330|4792|5579|7124|8743|10537|353376,BIRC3|NFKBIA|PRKCB|TNF|TNFSF10|UBD|TICAM2,-3.5
hits,CORUM,33,CORUM:178,"Respiratory chain complex I (holoenzyme), mitochondrial",-5.5,40,12,24155,44,55,4,7.3,3.5,4537|4694|4707|4708,ND3|NDUFA1|NDUFB1|NDUFB2,-3.5
hits,GO Biological Processes,19,GO:0009617,response to bacterium,-5.4,6.3,6.8,24155,702,55,10,18,5.2,1437|1440|2919|2920|2921|4792|5142|6170|7124|353376,CSF2|CSF3|CXCL1|CXCL2|CXCL3|NFKBIA|PDE4B|RPL39|TNF|TICAM2,-3.4
hits,GO Biological Processes,19,GO:0043123,positive regulation of I-kappaB kinase/NF-kappaB signaling,-5.4,14,8.7,24155,183,55,6,11,4.2,330|5579|7124|8743|10537|353376,BIRC3|PRKCB|TNF|TNFSF10|UBD|TICAM2,-3.4
hits,GO Biological Processes,19,GO:0030593,neutrophil chemotaxis,-5.4,21,9.8,24155,104,55,5,9.1,3.9,1441|2919|2920|2921|5142,CSF3R|CXCL1|CXCL2|CXCL3|PDE4B,-3.4
hits,Reactome Gene Sets,6,R-HSA-6799198,Complex I biogenesis,-5.1,32,11,24155,55,55,4,7.3,3.5,4537|4694|4707|4708,ND3|NDUFA1|NDUFB1|NDUFB2,-3.1
hits,GO Biological Processes,19,GO:0006120,"mitochondrial electron transport, NADH to ubiquinone",-5.1,32,11,24155,55,55,4,7.3,3.5,4537|4694|4707|4708,ND3|NDUFA1|NDUFB1|NDUFB2,-3.1
hits,GO Biological Processes,19,GO:1990266,neutrophil migration,-5.1,18,9.1,24155,119,55,5,9.1,3.9,1441|2919|2920|2921|5142,CSF3R|CXCL1|CXCL2|CXCL3|PDE4B,-3.1
hits,GO Biological Processes,19,GO:0071621,granulocyte chemotaxis,-5,18,9,24155,123,55,5,9.1,3.9,1441|2919|2920|2921|5142,CSF3R|CXCL1|CXCL2|CXCL3|PDE4B,-3
hits,Reactome Gene Sets,6,R-HSA-449147,Signaling by Interleukins,-4.9,6.2,6.4,24155,634,55,9,16,5,1278|1437|1440|1441|2919|2920|4313|4792|7124,COL1A2|CSF2|CSF3|CSF3R|CXCL1|CXCL2|MMP2|NFKBIA|TNF,-2.9
hits,Canonical Pathways,11,M5883,NABA SECRETED FACTORS,-4.9,8.9,7.1,24155,344,55,7,13,4.5,1437|1440|2919|2920|2921|7124|8743,CSF2|CSF3|CXCL1|CXCL2|CXCL3|TNF|TNFSF10,-2.9
hits,GO Biological Processes,19,GO:0010257,NADH dehydrogenase complex assembly,-4.9,27,10,24155,64,55,4,7.3,3.5,4537|4694|4707|4708,ND3|NDUFA1|NDUFB1|NDUFB2,-2.9
hits,GO Biological Processes,19,GO:0032981,mitochondrial respiratory chain complex I assembly,-4.9,27,10,24155,64,55,4,7.3,3.5,4537|4694|4707|4708,ND3|NDUFA1|NDUFB1|NDUFB2,-2.9
hits,Reactome Gene Sets,6,R-HSA-1442490,Collagen degradation,-4.9,27,10,24155,64,55,4,7.3,3.5,1278|1301|1302|4313,COL1A2|COL11A1|COL11A2|MMP2,-2.9
hits,GO Biological Processes,19,GO:0043122,regulation of I-kappaB kinase/NF-kappaB signaling,-4.8,11,7.5,24155,237,55,6,11,4.2,330|5579|7124|8743|10537|353376,BIRC3|PRKCB|TNF|TNFSF10|UBD|TICAM2,-2.8
hits,GO Biological Processes,19,GO:0006959,humoral immune response,-4.8,8.6,6.9,24155,358,55,7,13,4.5,733|2919|2920|2921|6170|7124|7784,C8G|CXCL1|CXCL2|CXCL3|RPL39|TNF|ZP3,-2.8
hits,GO Biological Processes,19,GO:0050900,leukocyte migration,-4.8,7,6.5,24155,501,55,8,15,4.8,1278|1441|2919|2920|2921|5142|7124|7784,COL1A2|CSF3R|CXCL1|CXCL2|CXCL3|PDE4B|TNF|ZP3,-2.8
hits,GO Biological Processes,19,GO:0097530,granulocyte migration,-4.7,15,8.3,24155,142,55,5,9.1,3.9,1441|2919|2920|2921|5142,CSF3R|CXCL1|CXCL2|CXCL3|PDE4B,-2.8
hits,GO Biological Processes,19,GO:0045637,regulation of myeloid cell differentiation,-4.6,10,7.2,24155,252,55,6,11,4.2,1437|1440|1441|4792|5579|7124,CSF2|CSF3|CSF3R|NFKBIA|PRKCB|TNF,-2.7
hits,GO Biological Processes,19,GO:0061844,antimicrobial humoral immune response mediated by antimicrobial peptide,-4.6,24,9.4,24155,73,55,4,7.3,3.5,2919|2920|2921|6170,CXCL1|CXCL2|CXCL3|RPL39,-2.7
hits,CORUM,33,CORUM:306,"Ribosome, cytoplasmic",-4.5,22,9,24155,80,55,4,7.3,3.5,6170|6227|6231|6232,RPL39|RPS21|RPS26|RPS27,-2.5
hits,Canonical Pathways,11,M18030,ST TUMOR NECROSIS FACTOR PATHWAY,-4.4,45,11,24155,29,55,3,5.5,3.1,330|4792|7124,BIRC3|NFKBIA|TNF,-2.5
hits,Reactome Gene Sets,6,R-HSA-8874081,MET activates PTK2 signaling,-4.4,44,11,24155,30,55,3,5.5,3.1,1278|1301|1302,COL1A2|COL11A1|COL11A2,-2.4
hits,KEGG Pathway,24,hsa05010,Alzheimer's disease,-4.4,13,7.4,24155,171,55,5,9.1,3.9,487|4694|4707|4708|7124,ATP2A1|NDUFA1|NDUFB1|NDUFB2|TNF,-2.4
hits,GO Biological Processes,19,GO:0030099,myeloid cell differentiation,-4.4,7.4,6.3,24155,418,55,7,13,4.5,1437|1440|1441|4792|5579|7124|10537,CSF2|CSF3|CSF3R|NFKBIA|PRKCB|TNF|UBD,-2.4
hits,KEGG Pathway,24,hsa05132,Salmonella infection,-4.4,20,8.6,24155,86,55,4,7.3,3.5,1437|2919|2920|2921,CSF2|CXCL1|CXCL2|CXCL3,-2.4
hits,Canonical Pathways,11,M5885,NABA MATRISOME ASSOCIATED,-4.3,5.2,5.7,24155,753,55,9,16,5,1437|1440|2919|2920|2921|4313|5016|7124|8743,CSF2|CSF3|CXCL1|CXCL2|CXCL3|MMP2|OVGP1|TNF|TNFSF10,-2.4
hits,Reactome Gene Sets,6,R-HSA-192823,Viral mRNA Translation,-4.3,20,8.5,24155,89,55,4,7.3,3.5,6170|6227|6231|6232,RPL39|RPS21|RPS26|RPS27,-2.4
hits,Reactome Gene Sets,6,R-HSA-156902,Peptide chain elongation,-4.3,20,8.5,24155,89,55,4,7.3,3.5,6170|6227|6231|6232,RPL39|RPS21|RPS26|RPS27,-2.4
hits,CORUM,33,CORUM:305,"40S ribosomal subunit, cytoplasmic",-4.2,40,11,24155,33,55,3,5.5,3.1,6227|6231|6232,RPS21|RPS26|RPS27,-2.3
hits,KEGG Pathway,24,hsa04062,Chemokine signaling pathway,-4.2,12,7.2,24155,182,55,5,9.1,3.9,2919|2920|2921|4792|5579,CXCL1|CXCL2|CXCL3|NFKBIA|PRKCB,-2.3
hits,Reactome Gene Sets,6,R-HSA-72764,Eukaryotic Translation Termination,-4.2,19,8.3,24155,93,55,4,7.3,3.5,6170|6227|6231|6232,RPL39|RPS21|RPS26|RPS27,-2.3
hits,Reactome Gene Sets,6,R-HSA-2408557,Selenocysteine synthesis,-4.2,19,8.3,24155,93,55,4,7.3,3.5,6170|6227|6231|6232,RPL39|RPS21|RPS26|RPS27,-2.3
hits,Reactome Gene Sets,6,R-HSA-156842,Eukaryotic Translation Elongation,-4.2,19,8.3,24155,93,55,4,7.3,3.5,6170|6227|6231|6232,RPL39|RPS21|RPS26|RPS27,-2.3
hits,Reactome Gene Sets,6,R-HSA-975956,Nonsense Mediated Decay (NMD) independent of the Exon Junction Complex (EJC),-4.2,18,8.2,24155,95,55,4,7.3,3.5,6170|6227|6231|6232,RPL39|RPS21|RPS26|RPS27,-2.3
hits,GO Biological Processes,19,GO:0033108,mitochondrial respiratory chain complex assembly,-4.2,18,8.1,24155,96,55,4,7.3,3.5,4537|4694|4707|4708,ND3|NDUFA1|NDUFB1|NDUFB2,-2.3
hits,KEGG Pathway,24,hsa05143,African trypanosomiasis,-4.2,38,10,24155,35,55,3,5.5,3.1,335|5579|7124,APOA1|PRKCB|TNF,-2.3
hits,Canonical Pathways,11,M197,PID HIV NEF PATHWAY,-4.2,38,10,24155,35,55,3,5.5,3.1,330|4792|7124,BIRC3|NFKBIA|TNF,-2.3
hits,KEGG Pathway,24,hsa04640,Hematopoietic cell lineage,-4.1,18,8.1,24155,97,55,4,7.3,3.5,1437|1440|1441|7124,CSF2|CSF3|CSF3R|TNF,-2.3
hits,GO Biological Processes,19,GO:0042775,mitochondrial ATP synthesis coupled electron transport,-4.1,18,8.1,24155,97,55,4,7.3,3.5,4537|4694|4707|4708,ND3|NDUFA1|NDUFB1|NDUFB2,-2.3
hits,GO Biological Processes,19,GO:0042773,ATP synthesis coupled electron transport,-4.1,18,8,24155,98,55,4,7.3,3.5,4537|4694|4707|4708,ND3|NDUFA1|NDUFB1|NDUFB2,-2.2
hits,Reactome Gene Sets,6,R-HSA-500792,GPCR ligand binding,-4.1,6.7,5.9,24155,457,55,7,13,4.5,147|2828|2919|2920|2921|3274|10267,ADRA1B|GPR4|CXCL1|CXCL2|CXCL3|HRH2|RAMP1,-2.2
hits,KEGG Pathway,24,hsa04933,AGE-RAGE signaling pathway in diabetic complications,-4.1,18,8,24155,99,55,4,7.3,3.5,1278|4313|5579|7124,COL1A2|MMP2|PRKCB|TNF,-2.2
hits,GO Biological Processes,19,GO:0006413,translational initiation,-4.1,11,6.9,24155,193,55,5,9.1,3.9,6170|6227|6231|6232|7124,RPL39|RPS21|RPS26|RPS27|TNF,-2.2
hits,Canonical Pathways,11,M196,PID IL23 PATHWAY,-4.1,36,10,24155,37,55,3,5.5,3.1,2919|4792|7124,CXCL1|NFKBIA|TNF,-2.2
hits,Reactome Gene Sets,6,R-HSA-611105,Respiratory electron transport,-4.1,17,7.9,24155,101,55,4,7.3,3.5,4537|4694|4707|4708,ND3|NDUFA1|NDUFB1|NDUFB2,-2.2
hits,Reactome Gene Sets,6,R-HSA-72689,Formation of a pool of free 40S subunits,-4.1,17,7.9,24155,101,55,4,7.3,3.5,6170|6227|6231|6232,RPL39|RPS21|RPS26|RPS27,-2.2
hits,Reactome Gene Sets,6,R-HSA-373076,Class A/1 (Rhodopsin-like receptors),-4,8.1,6.2,24155,324,55,6,11,4.2,147|2828|2919|2920|2921|3274,ADRA1B|GPR4|CXCL1|CXCL2|CXCL3|HRH2,-2.2
hits,GO Biological Processes,19,GO:0006614,SRP-dependent cotranslational protein targeting to membrane,-4,17,7.7,24155,105,55,4,7.3,3.5,6170|6227|6231|6232,RPL39|RPS21|RPS26|RPS27,-2.2
hits,Reactome Gene Sets,6,R-HSA-8875878,MET promotes cell motility,-4,32,9.5,24155,41,55,3,5.5,3.1,1278|1301|1302,COL1A2|COL11A1|COL11A2,-2.1
hits,GO Biological Processes,19,GO:0006613,cotranslational protein targeting to membrane,-4,16,7.6,24155,109,55,4,7.3,3.5,6170|6227|6231|6232,RPL39|RPS21|RPS26|RPS27,-2.1
hits,GO Biological Processes,19,GO:0000956,nuclear-transcribed mRNA catabolic process,-3.9,11,6.6,24155,209,55,5,9.1,3.9,6170|6227|6231|6232|9924,RPL39|RPS21|RPS26|RPS27|PAN2,-2.1
hits,Reactome Gene Sets,6,R-HSA-156827,L13a-mediated translational silencing of Ceruloplasmin expression,-3.9,16,7.5,24155,111,55,4,7.3,3.5,6170|6227|6231|6232,RPL39|RPS21|RPS26|RPS27,-2.1
hits,GO Biological Processes,19,GO:0097529,myeloid leukocyte migration,-3.9,10,6.5,24155,212,55,5,9.1,3.9,1441|2919|2920|2921|5142,CSF3R|CXCL1|CXCL2|CXCL3|PDE4B,-2.1
hits,Reactome Gene Sets,6,R-HSA-1799339,SRP-dependent cotranslational protein targeting to membrane,-3.9,16,7.4,24155,112,55,4,7.3,3.5,6170|6227|6231|6232,RPL39|RPS21|RPS26|RPS27,-2.1
hits,Reactome Gene Sets,6,R-HSA-72706,GTP hydrolysis and joining of the 60S ribosomal subunit,-3.9,16,7.4,24155,112,55,4,7.3,3.5,6170|6227|6231|6232,RPL39|RPS21|RPS26|RPS27,-2.1
hits,GO Biological Processes,19,GO:0043200,response to amino acid,-3.9,16,7.4,24155,113,55,4,7.3,3.5,1278|2743|4313|7124,COL1A2|GLRB|MMP2|TNF,-2.1
hits,Reactome Gene Sets,6,R-HSA-975957,Nonsense Mediated Decay (NMD) enhanced by the Exon Junction Complex (EJC),-3.9,15,7.3,24155,115,55,4,7.3,3.5,6170|6227|6231|6232,RPL39|RPS21|RPS26|RPS27,-2
hits,Reactome Gene Sets,6,R-HSA-927802,Nonsense-Mediated Decay (NMD),-3.9,15,7.3,24155,115,55,4,7.3,3.5,6170|6227|6231|6232,RPL39|RPS21|RPS26|RPS27,-2
hits,Canonical Pathways,11,M3005,NABA COLLAGENS,-3.9,30,9.2,24155,44,55,3,5.5,3.1,1278|1301|1302,COL1A2|COL11A1|COL11A2,-2
hits,GO Biological Processes,19,GO:0070266,necroptotic process,-3.9,30,9.2,24155,44,55,3,5.5,3.1,330|7124|353376,BIRC3|TNF|TICAM2,-2
hits,Reactome Gene Sets,6,R-HSA-8948216,Collagen chain trimerization,-3.9,30,9.2,24155,44,55,3,5.5,3.1,1278|1301|1302,COL1A2|COL11A1|COL11A2,-2
hits,GO Biological Processes,19,GO:0022904,respiratory electron transport chain,-3.8,15,7.3,24155,117,55,4,7.3,3.5,4537|4694|4707|4708,ND3|NDUFA1|NDUFB1|NDUFB2,-2
hits,GO Biological Processes,19,GO:0045047,protein targeting to ER,-3.8,15,7.2,24155,118,55,4,7.3,3.5,6170|6227|6231|6232,RPL39|RPS21|RPS26|RPS27,-2
hits,Reactome Gene Sets,6,R-HSA-2408522,Selenoamino acid metabolism,-3.8,15,7.2,24155,118,55,4,7.3,3.5,6170|6227|6231|6232,RPL39|RPS21|RPS26|RPS27,-2
hits,Reactome Gene Sets,6,R-HSA-72737,Cap-dependent Translation Initiation,-3.8,15,7.2,24155,119,55,4,7.3,3.5,6170|6227|6231|6232,RPL39|RPS21|RPS26|RPS27,-2
hits,Reactome Gene Sets,6,R-HSA-72613,Eukaryotic Translation Initiation,-3.8,15,7.2,24155,119,55,4,7.3,3.5,6170|6227|6231|6232,RPL39|RPS21|RPS26|RPS27,-2
hits,Canonical Pathways,11,M198,PID SYNDECAN 1 PATHWAY,-3.8,29,9,24155,46,55,3,5.5,3.1,1278|1301|1302,COL1A2|COL11A1|COL11A2,-2
hits,GO Biological Processes,19,GO:0030595,leukocyte chemotaxis,-3.8,9.8,6.3,24155,225,55,5,9.1,3.9,1441|2919|2920|2921|5142,CSF3R|CXCL1|CXCL2|CXCL3|PDE4B,-2
hits,GO Biological Processes,19,GO:0000184,"nuclear-transcribed mRNA catabolic process, nonsense-mediated decay",-3.8,15,7.2,24155,120,55,4,7.3,3.5,6170|6227|6231|6232,RPL39|RPS21|RPS26|RPS27,-2
hits,GO Biological Processes,19,GO:0072599,establishment of protein localization to endoplasmic reticulum,-3.8,14,7.1,24155,122,55,4,7.3,3.5,6170|6227|6231|6232,RPL39|RPS21|RPS26|RPS27,-1.9
hits,GO Biological Processes,19,GO:0019730,antimicrobial humoral response,-3.7,14,7.1,24155,123,55,4,7.3,3.5,2919|2920|2921|6170,CXCL1|CXCL2|CXCL3|RPL39,-1.9
hits,Canonical Pathways,11,M144,PID CERAMIDE PATHWAY,-3.7,27,8.8,24155,48,55,3,5.5,3.1,330|4792|7124,BIRC3|NFKBIA|TNF,-1.9
hits,Reactome Gene Sets,6,R-HSA-380108,Chemokine receptors bind chemokines,-3.7,27,8.8,24155,48,55,3,5.5,3.1,2919|2920|2921,CXCL1|CXCL2|CXCL3,-1.9
hits,Reactome Gene Sets,6,R-HSA-163200,"Respiratory electron transport, ATP synthesis by chemiosmotic coupling, and heat production by uncou",-3.7,14,7,24155,124,55,4,7.3,3.5,4537|4694|4707|4708,ND3|NDUFA1|NDUFB1|NDUFB2,-1.9
hits,GO Biological Processes,19,GO:0097300,programmed necrotic cell death,-3.7,27,8.7,24155,49,55,3,5.5,3.1,330|7124|353376,BIRC3|TNF|TICAM2,-1.9
hits,GO Biological Processes,19,GO:0051291,protein heterooligomerization,-3.7,14,6.9,24155,129,55,4,7.3,3.5,330|1278|2743|3858,BIRC3|COL1A2|GLRB|KRT10,-1.9
hits,Reactome Gene Sets,6,R-HSA-72695,"Formation of the ternary complex, and subsequently, the 43S complex",-3.7,26,8.5,24155,51,55,3,5.5,3.1,6227|6231|6232,RPS21|RPS26|RPS27,-1.9
hits,KEGG Pathway,24,hsa00190,Oxidative phosphorylation,-3.6,13,6.7,24155,133,55,4,7.3,3.5,4537|4694|4707|4708,ND3|NDUFA1|NDUFB1|NDUFB2,-1.8
hits,KEGG Pathway,24,hsa04650,Natural killer cell mediated cytotoxicity,-3.6,13,6.7,24155,133,55,4,7.3,3.5,1437|5579|7124|8743,CSF2|PRKCB|TNF|TNFSF10,-1.8
hits,Reactome Gene Sets,6,R-HSA-168273,Influenza Viral RNA Transcription and Replication,-3.6,13,6.7,24155,134,55,4,7.3,3.5,6170|6227|6231|6232,RPL39|RPS21|RPS26|RPS27,-1.8
hits,GO Biological Processes,19,GO:0030199,collagen fibril organization,-3.6,24,8.2,24155,54,55,3,5.5,3.1,1278|1301|1302,COL1A2|COL11A1|COL11A2,-1.8
hits,KEGG Pathway,24,hsa05200,Pathways in cancer,-3.6,6.7,5.4,24155,395,55,6,11,4.2,330|1441|1496|4313|4792|5579,BIRC3|CSF3R|CTNNA2|MMP2|NFKBIA|PRKCB,-1.8
hits,KEGG Pathway,24,hsa04210,Apoptosis,-3.6,13,6.6,24155,138,55,4,7.3,3.5,330|4792|7124|8743,BIRC3|NFKBIA|TNF|TNFSF10,-1.8
hits,Reactome Gene Sets,6,R-HSA-1474228,Degradation of the extracellular matrix,-3.5,13,6.5,24155,140,55,4,7.3,3.5,1278|1301|1302|4313,COL1A2|COL11A1|COL11A2|MMP2,-1.7
hits,Reactome Gene Sets,6,R-HSA-73887,Death Receptor Signalling,-3.5,12,6.5,24155,141,55,4,7.3,3.5,330|4792|7124|8743,BIRC3|NFKBIA|TNF|TNFSF10,-1.7
hits,KEGG Pathway,24,hsa05012,Parkinson's disease,-3.5,12,6.5,24155,142,55,4,7.3,3.5,4537|4694|4707|4708,ND3|NDUFA1|NDUFB1|NDUFB2,-1.7
hits,Reactome Gene Sets,6,R-HSA-72702,Ribosomal scanning and start codon recognition,-3.5,23,7.9,24155,58,55,3,5.5,3.1,6227|6231|6232,RPS21|RPS26|RPS27,-1.7
hits,Reactome Gene Sets,6,R-HSA-72649,Translation initiation complex formation,-3.5,23,7.9,24155,58,55,3,5.5,3.1,6227|6231|6232,RPS21|RPS26|RPS27,-1.7
hits,Reactome Gene Sets,6,R-HSA-168255,Influenza Life Cycle,-3.5,12,6.4,24155,144,55,4,7.3,3.5,6170|6227|6231|6232,RPL39|RPS21|RPS26|RPS27,-1.7
hits,KEGG Pathway,24,hsa05161,Hepatitis B,-3.5,12,6.4,24155,144,55,4,7.3,3.5,4792|5579|7124|353376,NFKBIA|PRKCB|TNF|TICAM2,-1.7
hits,Reactome Gene Sets,6,R-HSA-3000171,Non-integrin membrane-ECM interactions,-3.5,22,7.8,24155,59,55,3,5.5,3.1,1278|1301|1302,COL1A2|COL11A1|COL11A2,-1.7
hits,Reactome Gene Sets,6,R-HSA-72662,"Activation of the mRNA upon binding of the cap-binding complex and eIFs, and subsequent binding to 4",-3.5,22,7.8,24155,59,55,3,5.5,3.1,6227|6231|6232,RPS21|RPS26|RPS27,-1.7
hits,GO Biological Processes,19,GO:0006119,oxidative phosphorylation,-3.5,12,6.4,24155,145,55,4,7.3,3.5,4537|4694|4707|4708,ND3|NDUFA1|NDUFB1|NDUFB2,-1.7
hits,GO Biological Processes,19,GO:0070972,protein localization to endoplasmic reticulum,-3.5,12,6.4,24155,147,55,4,7.3,3.5,6170|6227|6231|6232,RPL39|RPS21|RPS26|RPS27,-1.7
hits,GO Biological Processes,19,GO:0031334,positive regulation of protein complex assembly,-3.4,8.2,5.6,24155,269,55,5,9.1,3.9,1437|1440|1496|7124|9924,CSF2|CSF3|CTNNA2|TNF|PAN2,-1.7
hits,Reactome Gene Sets,6,R-HSA-2022090,Assembly of collagen fibrils and other multimeric structures,-3.4,22,7.7,24155,61,55,3,5.5,3.1,1278|1301|1302,COL1A2|COL11A1|COL11A2,-1.7
hits,GO Biological Processes,19,GO:0010803,regulation of tumor necrosis factor-mediated signaling pathway,-3.4,22,7.7,24155,61,55,3,5.5,3.1,330|335|7124,BIRC3|APOA1|TNF,-1.7
hits,KEGG Pathway,24,hsa04932,Non-alcoholic fatty liver disease (NAFLD),-3.4,12,6.3,24155,149,55,4,7.3,3.5,4694|4707|4708|7124,NDUFA1|NDUFB1|NDUFB2|TNF,-1.7
hits,GO Biological Processes,19,GO:0043062,extracellular structure organization,-3.4,6.2,5.2,24155,425,55,6,11,4.2,335|1278|1301|1302|4313|7124,APOA1|COL1A2|COL11A1|COL11A2|MMP2|TNF,-1.6
hits,GO Biological Processes,19,GO:0070265,necrotic cell death,-3.4,21,7.6,24155,63,55,3,5.5,3.1,330|7124|353376,BIRC3|TNF|TICAM2,-1.6
hits,KEGG Pathway,24,hsa03010,Ribosome,-3.4,11,6.2,24155,153,55,4,7.3,3.5,6170|6227|6231|6232,RPL39|RPS21|RPS26|RPS27,-1.6
hits,Reactome Gene Sets,6,R-HSA-168254,Influenza Infection,-3.4,11,6.2,24155,155,55,4,7.3,3.5,6170|6227|6231|6232,RPL39|RPS21|RPS26|RPS27,-1.6
hits,GO Biological Processes,19,GO:0032729,positive regulation of interferon-gamma production,-3.4,20,7.4,24155,65,55,3,5.5,3.1,5142|7124|7784,PDE4B|TNF|ZP3,-1.6
hits,GO Biological Processes,19,GO:0048732,gland development,-3.3,6.1,5.1,24155,435,55,6,11,4.2,335|1396|3175|3274|7124|8820,APOA1|CRIP1|ONECUT1|HRH2|TNF|HESX1,-1.6
hits,Canonical Pathways,11,M15,PID LYSOPHOSPHOLIPID PATHWAY,-3.3,20,7.4,24155,66,55,3,5.5,3.1,147|4313|4792,ADRA1B|MMP2|NFKBIA,-1.6
hits,Canonical Pathways,11,M18,PID INTEGRIN1 PATHWAY,-3.3,20,7.4,24155,66,55,3,5.5,3.1,1278|1301|1302,COL1A2|COL11A1|COL11A2,-1.6
hits,Reactome Gene Sets,6,R-HSA-1650814,Collagen biosynthesis and modifying enzymes,-3.3,20,7.3,24155,67,55,3,5.5,3.1,1278|1301|1302,COL1A2|COL11A1|COL11A2,-1.6
hits,GO Biological Processes,19,GO:0071230,cellular response to amino acid stimulus,-3.3,19,7.2,24155,68,55,3,5.5,3.1,1278|4313|7124,COL1A2|MMP2|TNF,-1.5
hits,GO Biological Processes,19,GO:0019915,lipid storage,-3.3,19,7.2,24155,68,55,3,5.5,3.1,335|4792|7124,APOA1|NFKBIA|TNF,-1.5
hits,GO Biological Processes,19,GO:0072657,protein localization to membrane,-3.3,4.9,4.8,24155,623,55,7,13,4.5,2743|6170|6227|6231|6232|7124|10267,GLRB|RPL39|RPS21|RPS26|RPS27|TNF|RAMP1,-1.5
hits,GO Biological Processes,19,GO:0010638,positive regulation of organelle organization,-3.3,4.9,4.7,24155,624,55,7,13,4.5,335|1437|1440|1496|7124|8743|9924,APOA1|CSF2|CSF3|CTNNA2|TNF|TNFSF10|PAN2,-1.5
hits,GO Biological Processes,19,GO:0033209,tumor necrosis factor-mediated signaling pathway,-3.2,11,5.9,24155,167,55,4,7.3,3.5,330|335|4792|7124,BIRC3|APOA1|NFKBIA|TNF,-1.5
hits,KEGG Pathway,24,hsa05140,Leishmaniasis,-3.2,18,7,24155,73,55,3,5.5,3.1,4792|5579|7124,NFKBIA|PRKCB|TNF,-1.5
hits,GO Biological Processes,19,GO:1903524,positive regulation of blood circulation,-3.2,18,7,24155,73,55,3,5.5,3.1,147|487|3274,ADRA1B|ATP2A1|HRH2,-1.5
hits,Reactome Gene Sets,6,R-HSA-9010553,Regulation of expression of SLITs and ROBOs,-3.2,10,5.8,24155,171,55,4,7.3,3.5,6170|6227|6231|6232,RPL39|RPS21|RPS26|RPS27,-1.5
hits,GO Biological Processes,19,GO:0046034,ATP metabolic process,-3.2,7.2,5.2,24155,305,55,5,9.1,3.9,2027|4537|4694|4707|4708,ENO3|ND3|NDUFA1|NDUFB1|NDUFB2,-1.5
hits,GO Biological Processes,19,GO:0060326,cell chemotaxis,-3.2,7.2,5.2,24155,305,55,5,9.1,3.9,1441|2919|2920|2921|5142,CSF3R|CXCL1|CXCL2|CXCL3|PDE4B,-1.5
hits,KEGG Pathway,24,hsa05164,Influenza A,-3.2,10,5.8,24155,173,55,4,7.3,3.5,4792|5579|7124|8743,NFKBIA|PRKCB|TNF|TNFSF10,-1.5
hits,GO Biological Processes,19,GO:0034655,nucleobase-containing compound catabolic process,-3.2,4.7,4.6,24155,652,55,7,13,4.5,2027|5142|6170|6227|6231|6232|9924,ENO3|PDE4B|RPL39|RPS21|RPS26|RPS27|PAN2,-1.4
hits,Canonical Pathways,11,M160,PID AVB3 INTEGRIN PATHWAY,-3.2,18,6.9,24155,75,55,3,5.5,3.1,1278|1301|1302,COL1A2|COL11A1|COL11A2,-1.4
hits,Reactome Gene Sets,6,R-HSA-1428517,The citric acid (TCA) cycle and respiratory electron transport,-3.2,10,5.7,24155,175,55,4,7.3,3.5,4537|4694|4707|4708,ND3|NDUFA1|NDUFB1|NDUFB2,-1.4
hits,GO Biological Processes,19,GO:1902117,positive regulation of organelle assembly,-3.2,17,6.8,24155,76,55,3,5.5,3.1,1437|7124|9924,CSF2|TNF|PAN2,-1.4
hits,GO Biological Processes,19,GO:0007492,endoderm development,-3.2,17,6.8,24155,76,55,3,5.5,3.1,1301|3175|4313,COL11A1|ONECUT1|MMP2,-1.4
hits,GO Biological Processes,19,GO:0001959,regulation of cytokine-mediated signaling pathway,-3.1,9.9,5.7,24155,177,55,4,7.3,3.5,330|335|7124|353376,BIRC3|APOA1|TNF|TICAM2,-1.4
hits,GO Biological Processes,19,GO:0019083,viral transcription,-3.1,9.9,5.7,24155,177,55,4,7.3,3.5,6170|6227|6231|6232,RPL39|RPS21|RPS26|RPS27,-1.4
hits,GO Biological Processes,19,GO:0034612,response to tumor necrosis factor,-3.1,7,5.1,24155,312,55,5,9.1,3.9,330|335|4792|7124|10537,BIRC3|APOA1|NFKBIA|TNF|UBD,-1.4
hits,GO Biological Processes,19,GO:1903706,regulation of hemopoiesis,-3.1,5.5,4.8,24155,477,55,6,11,4.2,1437|1440|1441|4792|5579|7124,CSF2|CSF3|CSF3R|NFKBIA|PRKCB|TNF,-1.4
hits,GO Biological Processes,19,GO:0048015,phosphatidylinositol-mediated signaling,-3.1,9.7,5.6,24155,181,55,4,7.3,3.5,1440|7124|7784|8870,CSF3|TNF|ZP3|IER3,-1.4
hits,Reactome Gene Sets,6,R-HSA-6806834,Signaling by MET,-3.1,17,6.7,24155,79,55,3,5.5,3.1,1278|1301|1302,COL1A2|COL11A1|COL11A2,-1.4
hits,KEGG Pathway,24,hsa04020,Calcium signaling pathway,-3.1,9.7,5.6,24155,182,55,4,7.3,3.5,147|487|3274|5579,ADRA1B|ATP2A1|HRH2|PRKCB,-1.4
hits,Reactome Gene Sets,6,R-HSA-8953854,Metabolism of RNA,-3.1,4.6,4.5,24155,675,55,7,13,4.5,1993|6170|6227|6231|6232|6637|9924,ELAVL2|RPL39|RPS21|RPS26|RPS27|SNRPG|PAN2,-1.4
hits,GO Biological Processes,19,GO:0048017,inositol lipid-mediated signaling,-3.1,9.5,5.6,24155,184,55,4,7.3,3.5,1440|7124|7784|8870,CSF3|TNF|ZP3|IER3,-1.4
hits,GO Biological Processes,19,GO:0050727,regulation of inflammatory response,-3.1,5.4,4.7,24155,489,55,6,11,4.2,330|335|733|4792|7124|7784,BIRC3|APOA1|C8G|NFKBIA|TNF|ZP3,-1.4
hits,Reactome Gene Sets,6,R-HSA-6791226,Major pathway of rRNA processing in the nucleolus and cytosol,-3.1,9.5,5.5,24155,185,55,4,7.3,3.5,6170|6227|6231|6232,RPL39|RPS21|RPS26|RPS27,-1.4
hits,GO Biological Processes,19,GO:0022900,electron transport chain,-3.1,9.4,5.5,24155,186,55,4,7.3,3.5,4537|4694|4707|4708,ND3|NDUFA1|NDUFB1|NDUFB2,-1.4
hits,GO Biological Processes,19,GO:0055117,regulation of cardiac muscle contraction,-3.1,16,6.5,24155,82,55,3,5.5,3.1,147|487|5142,ADRA1B|ATP2A1|PDE4B,-1.3
hits,GO Biological Processes,19,GO:0060759,regulation of response to cytokine stimulus,-3,9.2,5.5,24155,190,55,4,7.3,3.5,330|335|7124|353376,BIRC3|APOA1|TNF|TICAM2,-1.3
hits,GO Biological Processes,19,GO:0046889,positive regulation of lipid biosynthetic process,-3,16,6.4,24155,84,55,3,5.5,3.1,335|7124|7784,APOA1|TNF|ZP3,-1.3
hits,GO Biological Processes,19,GO:0019080,viral gene expression,-3,9.2,5.4,24155,191,55,4,7.3,3.5,6170|6227|6231|6232,RPL39|RPS21|RPS26|RPS27,-1.3
hits,GO Biological Processes,19,GO:0045333,cellular respiration,-3,9.1,5.4,24155,193,55,4,7.3,3.5,4537|4694|4707|4708,ND3|NDUFA1|NDUFB1|NDUFB2,-1.3
hits,GO Biological Processes,19,GO:0009205,purine ribonucleoside triphosphate metabolic process,-3,6.6,4.9,24155,335,55,5,9.1,3.9,2027|4537|4694|4707|4708,ENO3|ND3|NDUFA1|NDUFB1|NDUFB2,-1.3
hits,GO Biological Processes,19,GO:0006919,activation of cysteine-type endopeptidase activity involved in apoptotic process,-3,15,6.4,24155,86,55,3,5.5,3.1,3336|7124|8743,HSPE1|TNF|TNFSF10,-1.3
hits,Reactome Gene Sets,6,R-HSA-8868773,rRNA processing in the nucleus and cytosol,-3,9,5.4,24155,195,55,4,7.3,3.5,6170|6227|6231|6232,RPL39|RPS21|RPS26|RPS27,-1.3
hits,GO Biological Processes,19,GO:0046700,heterocycle catabolic process,-3,4.4,4.3,24155,705,55,7,13,4.5,2027|5142|6170|6227|6231|6232|9924,ENO3|PDE4B|RPL39|RPS21|RPS26|RPS27|PAN2,-1.3
hits,GO Biological Processes,19,GO:0044270,cellular nitrogen compound catabolic process,-3,4.4,4.3,24155,706,55,7,13,4.5,2027|5142|6170|6227|6231|6232|9924,ENO3|PDE4B|RPL39|RPS21|RPS26|RPS27|PAN2,-1.3
hits,GO Biological Processes,19,GO:0009167,purine ribonucleoside monophosphate metabolic process,-3,6.4,4.8,24155,341,55,5,9.1,3.9,2027|4537|4694|4707|4708,ENO3|ND3|NDUFA1|NDUFB1|NDUFB2,-1.3
hits,GO Biological Processes,19,GO:0009199,ribonucleoside triphosphate metabolic process,-3,6.4,4.8,24155,341,55,5,9.1,3.9,2027|4537|4694|4707|4708,ENO3|ND3|NDUFA1|NDUFB1|NDUFB2,-1.3
hits,GO Biological Processes,19,GO:0070098,chemokine-mediated signaling pathway,-3,15,6.3,24155,88,55,3,5.5,3.1,2919|2920|2921,CXCL1|CXCL2|CXCL3,-1.3
hits,GO Biological Processes,19,GO:0009126,purine nucleoside monophosphate metabolic process,-3,6.4,4.8,24155,342,55,5,9.1,3.9,2027|4537|4694|4707|4708,ENO3|ND3|NDUFA1|NDUFB1|NDUFB2,-1.3
hits,GO Biological Processes,19,GO:0009144,purine nucleoside triphosphate metabolic process,-3,6.4,4.8,24155,342,55,5,9.1,3.9,2027|4537|4694|4707|4708,ENO3|ND3|NDUFA1|NDUFB1|NDUFB2,-1.3
hits,Reactome Gene Sets,6,R-HSA-1474290,Collagen formation,-2.9,15,6.2,24155,90,55,3,5.5,3.1,1278|1301|1302,COL1A2|COL11A1|COL11A2,-1.3
hits,KEGG Pathway,24,hsa04974,Protein digestion and absorption,-2.9,15,6.2,24155,90,55,3,5.5,3.1,1278|1301|1302,COL1A2|COL11A1|COL11A2,-1.3
hits,KEGG Pathway,24,hsa05323,Rheumatoid arthritis,-2.9,15,6.2,24155,90,55,3,5.5,3.1,1437|2919|7124,CSF2|CXCL1|TNF,-1.3
hits,GO Biological Processes,19,GO:0006612,protein targeting to membrane,-2.9,8.7,5.2,24155,202,55,4,7.3,3.5,6170|6227|6231|6232,RPL39|RPS21|RPS26|RPS27,-1.2
hits,GO Biological Processes,19,GO:0019439,aromatic compound catabolic process,-2.9,4.3,4.3,24155,717,55,7,13,4.5,2027|5142|6170|6227|6231|6232|9924,ENO3|PDE4B|RPL39|RPS21|RPS26|RPS27|PAN2,-1.2
hits,GO Biological Processes,19,GO:0002573,myeloid leukocyte differentiation,-2.9,8.6,5.2,24155,205,55,4,7.3,3.5,1437|1440|7124|10537,CSF2|CSF3|TNF|UBD,-1.2
hits,Reactome Gene Sets,6,R-HSA-72312,rRNA processing,-2.9,8.6,5.2,24155,205,55,4,7.3,3.5,6170|6227|6231|6232,RPL39|RPS21|RPS26|RPS27,-1.2
hits,GO Biological Processes,19,GO:0009161,ribonucleoside monophosphate metabolic process,-2.9,6.2,4.7,24155,355,55,5,9.1,3.9,2027|4537|4694|4707|4708,ENO3|ND3|NDUFA1|NDUFB1|NDUFB2,-1.2
hits,GO Biological Processes,19,GO:0007005,mitochondrion organization,-2.9,5,4.4,24155,531,55,6,11,4.2,487|4537|4694|4707|4708|8743,ATP2A1|ND3|NDUFA1|NDUFB1|NDUFB2|TNFSF10,-1.2
hits,GO Biological Processes,19,GO:0009141,nucleoside triphosphate metabolic process,-2.9,6.1,4.6,24155,362,55,5,9.1,3.9,2027|4537|4694|4707|4708,ENO3|ND3|NDUFA1|NDUFB1|NDUFB2,-1.2
hits,GO Biological Processes,19,GO:0002064,epithelial cell development,-2.9,8.3,5.1,24155,212,55,4,7.3,3.5,2828|3175|3274|7124,GPR4|ONECUT1|HRH2|TNF,-1.2
hits,GO Biological Processes,19,GO:0044089,positive regulation of cellular component biogenesis,-2.9,4.9,4.3,24155,541,55,6,11,4.2,335|1437|1440|1496|7124|9924,APOA1|CSF2|CSF3|CTNNA2|TNF|PAN2,-1.2
hits,GO Biological Processes,19,GO:1990868,response to chemokine,-2.8,14,5.9,24155,97,55,3,5.5,3.1,2919|2920|2921,CXCL1|CXCL2|CXCL3,-1.2
hits,GO Biological Processes,19,GO:0006942,regulation of striated muscle contraction,-2.8,14,5.9,24155,97,55,3,5.5,3.1,147|487|5142,ADRA1B|ATP2A1|PDE4B,-1.2
hits,GO Biological Processes,19,GO:1990869,cellular response to chemokine,-2.8,14,5.9,24155,97,55,3,5.5,3.1,2919|2920|2921,CXCL1|CXCL2|CXCL3,-1.2
hits,GO Biological Processes,19,GO:0009150,purine ribonucleotide metabolic process,-2.8,4.9,4.3,24155,543,55,6,11,4.2,2027|4537|4694|4707|4708|5142,ENO3|ND3|NDUFA1|NDUFB1|NDUFB2|PDE4B,-1.2
hits,GO Biological Processes,19,GO:0043281,regulation of cysteine-type endopeptidase activity involved in apoptotic process,-2.8,8.2,5,24155,215,55,4,7.3,3.5,330|3336|7124|8743,BIRC3|HSPE1|TNF|TNFSF10,-1.2
hits,GO Biological Processes,19,GO:0006402,mRNA catabolic process,-2.8,6,4.6,24155,367,55,5,9.1,3.9,6170|6227|6231|6232|9924,RPL39|RPS21|RPS26|RPS27|PAN2,-1.2
hits,Reactome Gene Sets,6,R-HSA-937061,TRIF(TICAM1)-mediated TLR4 signaling ,-2.8,13,5.9,24155,99,55,3,5.5,3.1,330|4792|353376,BIRC3|NFKBIA|TICAM2,-1.2
hits,Reactome Gene Sets,6,R-HSA-166166,MyD88-independent TLR4 cascade ,-2.8,13,5.9,24155,99,55,3,5.5,3.1,330|4792|353376,BIRC3|NFKBIA|TICAM2,-1.2
hits,GO Biological Processes,19,GO:0030198,extracellular matrix organization,-2.8,5.9,4.6,24155,370,55,5,9.1,3.9,1278|1301|1302|4313|7124,COL1A2|COL11A1|COL11A2|MMP2|TNF,-1.2
hits,Reactome Gene Sets,6,R-HSA-376176,Signaling by ROBO receptors,-2.8,8.1,5,24155,218,55,4,7.3,3.5,6170|6227|6231|6232,RPL39|RPS21|RPS26|RPS27,-1.1
hits,GO Biological Processes,19,GO:0002181,cytoplasmic translation,-2.8,13,5.8,24155,100,55,3,5.5,3.1,6170|6227|6231,RPL39|RPS21|RPS26,-1.1
hits,Reactome Gene Sets,6,R-HSA-71291,Metabolism of amino acids and derivatives,-2.8,5.9,4.6,24155,372,55,5,9.1,3.9,1159|6170|6227|6231|6232,CKMT1B|RPL39|RPS21|RPS26|RPS27,-1.1
hits,GO Biological Processes,19,GO:1901361,organic cyclic compound catabolic process,-2.8,4.1,4.1,24155,755,55,7,13,4.5,2027|5142|6170|6227|6231|6232|9924,ENO3|PDE4B|RPL39|RPS21|RPS26|RPS27|PAN2,-1.1
hits,GO Biological Processes,19,GO:0032649,regulation of interferon-gamma production,-2.8,13,5.8,24155,101,55,3,5.5,3.1,5142|7124|7784,PDE4B|TNF|ZP3,-1.1
hits,GO Biological Processes,19,GO:0030029,actin filament-based process,-2.8,4,4.1,24155,760,55,7,13,4.5,335|487|1440|1496|2919|5142|7124,APOA1|ATP2A1|CSF3|CTNNA2|CXCL1|PDE4B|TNF,-1.1
hits,GO Biological Processes,19,GO:0009123,nucleoside monophosphate metabolic process,-2.8,5.8,4.5,24155,376,55,5,9.1,3.9,2027|4537|4694|4707|4708,ENO3|ND3|NDUFA1|NDUFB1|NDUFB2,-1.1
hits,GO Biological Processes,19,GO:0009259,ribonucleotide metabolic process,-2.8,4.7,4.2,24155,558,55,6,11,4.2,2027|4537|4694|4707|4708|5142,ENO3|ND3|NDUFA1|NDUFB1|NDUFB2|PDE4B,-1.1
hits,KEGG Pathway,24,hsa04660,T cell receptor signaling pathway,-2.8,13,5.7,24155,103,55,3,5.5,3.1,1437|4792|7124,CSF2|NFKBIA|TNF,-1.1
hits,GO Biological Processes,19,GO:2001237,negative regulation of extrinsic apoptotic signaling pathway,-2.8,13,5.7,24155,104,55,3,5.5,3.1,1437|7124|8743,CSF2|TNF|TNFSF10,-1.1
hits,KEGG Pathway,24,hsa04620,Toll-like receptor signaling pathway,-2.8,13,5.7,24155,104,55,3,5.5,3.1,4792|7124|353376,NFKBIA|TNF|TICAM2,-1.1
hits,KEGG Pathway,24,hsa04931,Insulin resistance,-2.7,12,5.6,24155,107,55,3,5.5,3.1,4792|5579|7124,NFKBIA|PRKCB|TNF,-1.1
hits,GO Biological Processes,19,GO:0032970,regulation of actin filament-based process,-2.7,5.6,4.4,24155,389,55,5,9.1,3.9,335|487|1440|1496|5142,APOA1|ATP2A1|CSF3|CTNNA2|PDE4B,-1.1
hits,Reactome Gene Sets,6,R-HSA-6785807,Interleukin-4 and Interleukin-13 signaling,-2.7,12,5.6,24155,108,55,3,5.5,3.1,1278|4313|7124,COL1A2|MMP2|TNF,-1.1
hits,GO Biological Processes,19,GO:0006163,purine nucleotide metabolic process,-2.7,4.6,4.1,24155,576,55,6,11,4.2,2027|4537|4694|4707|4708|5142,ENO3|ND3|NDUFA1|NDUFB1|NDUFB2|PDE4B,-1.1
hits,GO Biological Processes,19,GO:0019693,ribose phosphate metabolic process,-2.7,4.6,4.1,24155,578,55,6,11,4.2,2027|4537|4694|4707|4708|5142,ENO3|ND3|NDUFA1|NDUFB1|NDUFB2|PDE4B,-1.1
hits,GO Biological Processes,19,GO:0001503,ossification,-2.7,5.5,4.3,24155,399,55,5,9.1,3.9,1278|1301|3336|4313|7124,COL1A2|COL11A1|HSPE1|MMP2|TNF,-1
hits,GO Biological Processes,19,GO:0006401,RNA catabolic process,-2.7,5.5,4.3,24155,400,55,5,9.1,3.9,6170|6227|6231|6232|9924,RPL39|RPS21|RPS26|RPS27|PAN2,-1
hits,GO Biological Processes,19,GO:2000116,regulation of cysteine-type endopeptidase activity,-2.7,7.4,4.7,24155,239,55,4,7.3,3.5,330|3336|7124|8743,BIRC3|HSPE1|TNF|TNFSF10,-1
hits,GO Biological Processes,19,GO:0032609,interferon-gamma production,-2.7,12,5.4,24155,113,55,3,5.5,3.1,5142|7124|7784,PDE4B|TNF|ZP3,-1
hits,KEGG Pathway,24,hsa05145,Toxoplasmosis,-2.7,12,5.4,24155,113,55,3,5.5,3.1,330|4792|7124,BIRC3|NFKBIA|TNF,-1
hits,KEGG Pathway,24,hsa04670,Leukocyte transendothelial migration,-2.6,12,5.4,24155,114,55,3,5.5,3.1,1496|4313|5579,CTNNA2|MMP2|PRKCB,-1
hits,Reactome Gene Sets,6,R-HSA-418594,G alpha (i) signalling events,-2.6,5.4,4.3,24155,407,55,5,9.1,3.9,335|2919|2920|2921|5142,APOA1|CXCL1|CXCL2|CXCL3|PDE4B,-0.99
hits,GO Biological Processes,19,GO:0097190,apoptotic signaling pathway,-2.6,4.4,4,24155,602,55,6,11,4.2,487|1396|1437|7124|8743|353376,ATP2A1|CRIP1|CSF2|TNF|TNFSF10|TICAM2,-0.98
hits,GO Biological Processes,19,GO:0072521,purine-containing compound metabolic process,-2.6,4.3,4,24155,613,55,6,11,4.2,2027|4537|4694|4707|4708|5142,ENO3|ND3|NDUFA1|NDUFB1|NDUFB2|PDE4B,-0.94
hits,KEGG Pathway,24,hsa04270,Vascular smooth muscle contraction,-2.6,11,5.2,24155,121,55,3,5.5,3.1,147|5579|10267,ADRA1B|PRKCB|RAMP1,-0.94
hits,GO Biological Processes,19,GO:0014066,regulation of phosphatidylinositol 3-kinase signaling,-2.5,11,5.1,24155,124,55,3,5.5,3.1,1440|7124|8870,CSF3|TNF|IER3,-0.91
hits,GO Biological Processes,19,GO:0035270,endocrine system development,-2.5,10,5.1,24155,127,55,3,5.5,3.1,335|3175|8820,APOA1|ONECUT1|HESX1,-0.88
hits,Reactome Gene Sets,6,R-HSA-166016,Toll Like Receptor 4 (TLR4) Cascade,-2.5,10,5,24155,129,55,3,5.5,3.1,330|4792|353376,BIRC3|NFKBIA|TICAM2,-0.86
hits,GO Biological Processes,19,GO:0006935,chemotaxis,-2.5,4.1,3.8,24155,645,55,6,11,4.2,335|1441|2919|2920|2921|5142,APOA1|CSF3R|CXCL1|CXCL2|CXCL3|PDE4B,-0.83
hits,GO Biological Processes,19,GO:0043280,positive regulation of cysteine-type endopeptidase activity involved in apoptotic process,-2.5,10,4.9,24155,132,55,3,5.5,3.1,3336|7124|8743,HSPE1|TNF|TNFSF10,-0.83
hits,GO Biological Processes,19,GO:0042330,taxis,-2.5,4.1,3.8,24155,647,55,6,11,4.2,335|1441|2919|2920|2921|5142,APOA1|CSF3R|CXCL1|CXCL2|CXCL3|PDE4B,-0.83
hits,KEGG Pathway,24,hsa05322,Systemic lupus erythematosus,-2.5,9.9,4.9,24155,133,55,3,5.5,3.1,733|7124|8337,C8G|TNF|H2AC18,-0.83
hits,GO Biological Processes,19,GO:0061448,connective tissue development,-2.4,6.4,4.3,24155,275,55,4,7.3,3.5,1301|1302|1396|2828,COL11A1|COL11A2|CRIP1|GPR4,-0.82
hits,Canonical Pathways,11,M5884,NABA CORE MATRISOME,-2.4,6.4,4.3,24155,275,55,4,7.3,3.5,1278|1301|1302|7784,COL1A2|COL11A1|COL11A2|ZP3,-0.82
hits,GO Biological Processes,19,GO:0002920,regulation of humoral immune response,-2.4,9.8,4.9,24155,135,55,3,5.5,3.1,733|7124|7784,C8G|TNF|ZP3,-0.81
hits,GO Biological Processes,19,GO:0060048,cardiac muscle contraction,-2.4,9.6,4.8,24155,137,55,3,5.5,3.1,147|487|5142,ADRA1B|ATP2A1|PDE4B,-0.79
hits,GO Biological Processes,19,GO:0002697,regulation of immune effector process,-2.4,4.8,3.9,24155,462,55,5,9.1,3.9,330|335|733|7124|7784,BIRC3|APOA1|C8G|TNF|ZP3,-0.77
hits,GO Biological Processes,19,GO:0015980,energy derivation by oxidation of organic compounds,-2.4,6.2,4.2,24155,285,55,4,7.3,3.5,4537|4694|4707|4708,ND3|NDUFA1|NDUFB1|NDUFB2,-0.77
hits,GO Biological Processes,19,GO:0001819,positive regulation of cytokine production,-2.4,4.7,3.9,24155,464,55,5,9.1,3.9,330|1437|5142|7124|7784,BIRC3|CSF2|PDE4B|TNF|ZP3,-0.77
hits,GO Biological Processes,19,GO:0097435,supramolecular fiber organization,-2.4,3.9,3.7,24155,674,55,6,11,4.2,335|1278|1301|1302|1440|1496,APOA1|COL1A2|COL11A1|COL11A2|CSF3|CTNNA2,-0.75
hits,GO Biological Processes,19,GO:0043254,regulation of protein complex assembly,-2.4,4.7,3.8,24155,469,55,5,9.1,3.9,1437|1440|1496|7124|9924,CSF2|CSF3|CTNNA2|TNF|PAN2,-0.75
hits,Reactome Gene Sets,6,R-HSA-1474165,Reproduction,-2.4,9.1,4.7,24155,144,55,3,5.5,3.1,5016|7784|8337,OVGP1|ZP3|H2AC18,-0.74
hits,GO Biological Processes,19,GO:0071356,cellular response to tumor necrosis factor,-2.4,6,4.1,24155,291,55,4,7.3,3.5,330|335|4792|7124,BIRC3|APOA1|NFKBIA|TNF,-0.74
hits,Reactome Gene Sets,6,R-HSA-72766,Translation,-2.4,6,4.1,24155,291,55,4,7.3,3.5,6170|6227|6231|6232,RPL39|RPS21|RPS26|RPS27,-0.74
hits,GO Biological Processes,19,GO:0045834,positive regulation of lipid metabolic process,-2.3,9,4.6,24155,146,55,3,5.5,3.1,335|7124|7784,APOA1|TNF|ZP3,-0.72
hits,GO Biological Processes,19,GO:0014065,phosphatidylinositol 3-kinase signaling,-2.3,8.9,4.6,24155,148,55,3,5.5,3.1,1440|7124|8870,CSF3|TNF|IER3,-0.71
hits,GO Biological Processes,19,GO:1903522,regulation of blood circulation,-2.3,5.9,4.1,24155,298,55,4,7.3,3.5,147|487|3274|5142,ADRA1B|ATP2A1|HRH2|PDE4B,-0.71
hits,GO Biological Processes,19,GO:0002224,toll-like receptor signaling pathway,-2.3,8.8,4.6,24155,149,55,3,5.5,3.1,330|4792|353376,BIRC3|NFKBIA|TICAM2,-0.7
hits,GO Biological Processes,19,GO:2001056,positive regulation of cysteine-type endopeptidase activity,-2.3,8.8,4.6,24155,149,55,3,5.5,3.1,3336|7124|8743,HSPE1|TNF|TNFSF10,-0.7
hits,GO Biological Processes,19,GO:0002455,humoral immune response mediated by circulating immunoglobulin,-2.3,8.8,4.6,24155,150,55,3,5.5,3.1,733|7124|7784,C8G|TNF|ZP3,-0.7
hits,Reactome Gene Sets,6,R-HSA-1474244,Extracellular matrix organization,-2.3,5.8,4,24155,301,55,4,7.3,3.5,1278|1301|1302|4313,COL1A2|COL11A1|COL11A2|MMP2,-0.7
hits,GO Biological Processes,19,GO:0007338,single fertilization,-2.3,8.7,4.5,24155,151,55,3,5.5,3.1,2743|5016|7784,GLRB|OVGP1|ZP3,-0.69
hits,GO Biological Processes,19,GO:0050729,positive regulation of inflammatory response,-2.3,8.6,4.5,24155,153,55,3,5.5,3.1,4792|7124|7784,NFKBIA|TNF|ZP3,-0.68
hits,GO Biological Processes,19,GO:2001236,regulation of extrinsic apoptotic signaling pathway,-2.3,8.5,4.5,24155,155,55,3,5.5,3.1,1437|7124|8743,CSF2|TNF|TNFSF10,-0.66
hits,Reactome Gene Sets,6,R-HSA-168898,Toll-like Receptor Cascades,-2.3,8.5,4.5,24155,155,55,3,5.5,3.1,330|4792|353376,BIRC3|NFKBIA|TICAM2,-0.66
hits,GO Biological Processes,19,GO:0009117,nucleotide metabolic process,-2.3,3.7,3.5,24155,710,55,6,11,4.2,2027|4537|4694|4707|4708|5142,ENO3|ND3|NDUFA1|NDUFB1|NDUFB2|PDE4B,-0.66
hits,KEGG Pathway,24,hsa04630,Jak-STAT signaling pathway,-2.3,8.4,4.5,24155,156,55,3,5.5,3.1,1437|1440|1441,CSF2|CSF3|CSF3R,-0.66
hits,GO Biological Processes,19,GO:1905952,regulation of lipid localization,-2.3,8.4,4.4,24155,157,55,3,5.5,3.1,335|4792|7124,APOA1|NFKBIA|TNF,-0.65
hits,GO Biological Processes,19,GO:0006753,nucleoside phosphate metabolic process,-2.2,3.7,3.5,24155,717,55,6,11,4.2,2027|4537|4694|4707|4708|5142,ENO3|ND3|NDUFA1|NDUFB1|NDUFB2|PDE4B,-0.64
hits,GO Biological Processes,19,GO:0001817,regulation of cytokine production,-2.2,3.7,3.5,24155,720,55,6,11,4.2,330|335|1437|5142|7124|7784,BIRC3|APOA1|CSF2|PDE4B|TNF|ZP3,-0.63
hits,GO Biological Processes,19,GO:0002673,regulation of acute inflammatory response,-2.2,8.2,4.4,24155,160,55,3,5.5,3.1,733|7124|7784,C8G|TNF|ZP3,-0.63
hits,GO Biological Processes,19,GO:0002253,activation of immune response,-2.2,3.6,3.4,24155,727,55,6,11,4.2,330|733|4792|5142|5579|353376,BIRC3|C8G|NFKBIA|PDE4B|PRKCB|TICAM2,-0.61
hits,GO Biological Processes,19,GO:0002521,leukocyte differentiation,-2.2,4.3,3.6,24155,516,55,5,9.1,3.9,1437|1440|3175|7124|10537,CSF2|CSF3|ONECUT1|TNF|UBD,-0.6
hits,GO Biological Processes,19,GO:0031349,positive regulation of defense response,-2.2,4.2,3.5,24155,524,55,5,9.1,3.9,330|4792|7124|7784|353376,BIRC3|NFKBIA|TNF|ZP3|TICAM2,-0.57
hits,GO Biological Processes,19,GO:0051235,maintenance of location,-2.2,5.3,3.8,24155,330,55,4,7.3,3.5,335|487|4792|7124,APOA1|ATP2A1|NFKBIA|TNF,-0.57
hits,GO Biological Processes,19,GO:0006091,generation of precursor metabolites and energy,-2.2,4.2,3.5,24155,526,55,5,9.1,3.9,2027|4537|4694|4707|4708,ENO3|ND3|NDUFA1|NDUFB1|NDUFB2,-0.56
hits,GO Biological Processes,19,GO:0043901,negative regulation of multi-organism process,-2.2,7.7,4.2,24155,171,55,3,5.5,3.1,5016|7124|7784,OVGP1|TNF|ZP3,-0.56
hits,GO Biological Processes,19,GO:0006937,regulation of muscle contraction,-2.2,7.7,4.2,24155,171,55,3,5.5,3.1,147|487|5142,ADRA1B|ATP2A1|PDE4B,-0.56
hits,GO Biological Processes,19,GO:0090150,establishment of protein localization to membrane,-2.2,5.3,3.7,24155,334,55,4,7.3,3.5,6170|6227|6231|6232,RPL39|RPS21|RPS26|RPS27,-0.55
hits,GO Biological Processes,19,GO:0006941,striated muscle contraction,-2.1,7.6,4.2,24155,174,55,3,5.5,3.1,147|487|5142,ADRA1B|ATP2A1|PDE4B,-0.54
hits,GO Biological Processes,19,GO:0008015,blood circulation,-2.1,4.1,3.4,24155,541,55,5,9.1,3.9,147|487|1278|3274|5142,ADRA1B|ATP2A1|COL1A2|HRH2|PDE4B,-0.52
hits,GO Biological Processes,19,GO:0001101,response to acid chemical,-2.1,5.1,3.7,24155,344,55,4,7.3,3.5,1278|2743|4313|7124,COL1A2|GLRB|MMP2|TNF,-0.51
hits,GO Biological Processes,19,GO:0010950,positive regulation of endopeptidase activity,-2.1,7.4,4.1,24155,178,55,3,5.5,3.1,3336|7124|8743,HSPE1|TNF|TNFSF10,-0.51
hits,Reactome Gene Sets,6,R-HSA-5357801,Programmed Cell Death,-2.1,7.4,4.1,24155,179,55,3,5.5,3.1,330|8743|353376,BIRC3|TNFSF10|TICAM2,-0.51
hits,GO Biological Processes,19,GO:0072594,establishment of protein localization to organelle,-2.1,4,3.4,24155,549,55,5,9.1,3.9,4792|6170|6227|6231|6232,NFKBIA|RPL39|RPS21|RPS26|RPS27,-0.5
hits,GO Biological Processes,19,GO:0003013,circulatory system process,-2.1,4,3.4,24155,551,55,5,9.1,3.9,147|487|1278|3274|5142,ADRA1B|ATP2A1|COL1A2|HRH2|PDE4B,-0.49
hits,Reactome Gene Sets,6,R-HSA-422475,Axon guidance,-2.1,4,3.4,24155,553,55,5,9.1,3.9,4313|6170|6227|6231|6232,MMP2|RPL39|RPS21|RPS26|RPS27,-0.48
hits,GO Biological Processes,19,GO:0009566,fertilization,-2.1,7.2,4,24155,183,55,3,5.5,3.1,2743|5016|7784,GLRB|OVGP1|ZP3,-0.48
hits,GO Biological Processes,19,GO:0007369,gastrulation,-2.1,7.1,4,24155,185,55,3,5.5,3.1,335|1301|4313,APOA1|COL11A1|MMP2,-0.47
hits,GO Biological Processes,19,GO:0038061,NIK/NF-kappaB signaling,-2.1,7.1,4,24155,186,55,3,5.5,3.1,330|4792|7124,BIRC3|NFKBIA|TNF,-0.47
hits,GO Biological Processes,19,GO:0001816,cytokine production,-2,3.3,3.2,24155,792,55,6,11,4.2,330|335|1437|5142|7124|7784,BIRC3|APOA1|CSF2|PDE4B|TNF|ZP3,-0.46
hits,Reactome Gene Sets,6,R-HSA-375276,Peptide ligand-binding receptors,-2,6.9,3.9,24155,190,55,3,5.5,3.1,2919|2920|2921,CXCL1|CXCL2|CXCL3,-0.44
hits,GO Biological Processes,19,GO:0050731,positive regulation of peptidyl-tyrosine phosphorylation,-2,6.9,3.9,24155,192,55,3,5.5,3.1,1437|1440|7124,CSF2|CSF3|TNF,-0.43
hits,KEGG Pathway,24,hsa05016,Huntington's disease,-2,6.8,3.9,24155,193,55,3,5.5,3.1,4694|4707|4708,NDUFA1|NDUFB1|NDUFB2,-0.43
hits_MCODE_ALL,KEGG Pathway,24,hsa04668,TNF signaling pathway,-8,66,18,24155,108,17,5,29,11,330|2919|2921|4792|7124,BIRC3|CXCL1|CXCL3|NFKBIA|TNF,-5.5
hits_MCODE_ALL,CORUM,33,CORUM:178,"Respiratory chain complex I (holoenzyme), mitochondrial",-7.6,1.3e+02,23,24155,44,17,4,24,10,4537|4694|4707|4708,ND3|NDUFA1|NDUFB1|NDUFB2,-5.2
hits_MCODE_ALL,KEGG Pathway,24,hsa05134,Legionellosis,-7.3,1e+02,20,24155,55,17,4,24,10,2919|2921|4792|7124,CXCL1|CXCL3|NFKBIA|TNF,-4.9
hits_MCODE_ALL,GO Biological Processes,19,GO:0006120,"mitochondrial electron transport, NADH to ubiquinone",-7.3,1e+02,20,24155,55,17,4,24,10,4537|4694|4707|4708,ND3|NDUFA1|NDUFB1|NDUFB2,-4.9
hits_MCODE_ALL,Reactome Gene Sets,6,R-HSA-6799198,Complex I biogenesis,-7.3,1e+02,20,24155,55,17,4,24,10,4537|4694|4707|4708,ND3|NDUFA1|NDUFB1|NDUFB2,-4.9
hits_MCODE_ALL,KEGG Pathway,24,hsa04621,NOD-like receptor signaling pathway,-7,42,14,24155,170,17,5,29,11,330|2919|2921|4792|7124,BIRC3|CXCL1|CXCL3|NFKBIA|TNF,-4.7
hits_MCODE_ALL,GO Biological Processes,19,GO:0010257,NADH dehydrogenase complex assembly,-7,89,19,24155,64,17,4,24,10,4537|4694|4707|4708,ND3|NDUFA1|NDUFB1|NDUFB2,-4.7
hits_MCODE_ALL,GO Biological Processes,19,GO:0032981,mitochondrial respiratory chain complex I assembly,-7,89,19,24155,64,17,4,24,10,4537|4694|4707|4708,ND3|NDUFA1|NDUFB1|NDUFB2,-4.7
hits_MCODE_ALL,GO Biological Processes,19,GO:0006413,translational initiation,-6.8,37,13,24155,193,17,5,29,11,6170|6227|6231|6232|7124,RPL39|RPS21|RPS26|RPS27|TNF,-4.5
hits_MCODE_ALL,CORUM,33,CORUM:306,"Ribosome, cytoplasmic",-6.6,71,17,24155,80,17,4,24,10,6170|6227|6231|6232,RPL39|RPS21|RPS26|RPS27,-4.3
hits_MCODE_ALL,Reactome Gene Sets,6,R-HSA-192823,Viral mRNA Translation,-6.4,64,16,24155,89,17,4,24,10,6170|6227|6231|6232,RPL39|RPS21|RPS26|RPS27,-4.2
hits_MCODE_ALL,Reactome Gene Sets,6,R-HSA-156902,Peptide chain elongation,-6.4,64,16,24155,89,17,4,24,10,6170|6227|6231|6232,RPL39|RPS21|RPS26|RPS27,-4.2
hits_MCODE_ALL,Reactome Gene Sets,6,R-HSA-72764,Eukaryotic Translation Termination,-6.3,61,15,24155,93,17,4,24,10,6170|6227|6231|6232,RPL39|RPS21|RPS26|RPS27,-4.1
hits_MCODE_ALL,Reactome Gene Sets,6,R-HSA-156842,Eukaryotic Translation Elongation,-6.3,61,15,24155,93,17,4,24,10,6170|6227|6231|6232,RPL39|RPS21|RPS26|RPS27,-4.1
hits_MCODE_ALL,KEGG Pathway,24,hsa04657,IL-17 signaling pathway,-6.3,61,15,24155,93,17,4,24,10,2919|2921|4792|7124,CXCL1|CXCL3|NFKBIA|TNF,-4.1
hits_MCODE_ALL,Reactome Gene Sets,6,R-HSA-2408557,Selenocysteine synthesis,-6.3,61,15,24155,93,17,4,24,10,6170|6227|6231|6232,RPL39|RPS21|RPS26|RPS27,-4.1
hits_MCODE_ALL,Reactome Gene Sets,6,R-HSA-975956,Nonsense Mediated Decay (NMD) independent of the Exon Junction Complex (EJC),-6.3,60,15,24155,95,17,4,24,10,6170|6227|6231|6232,RPL39|RPS21|RPS26|RPS27,-4.1
hits_MCODE_ALL,GO Biological Processes,19,GO:0033108,mitochondrial respiratory chain complex assembly,-6.3,59,15,24155,96,17,4,24,10,4537|4694|4707|4708,ND3|NDUFA1|NDUFB1|NDUFB2,-4.1
hits_MCODE_ALL,GO Biological Processes,19,GO:0042775,mitochondrial ATP synthesis coupled electron transport,-6.3,59,15,24155,97,17,4,24,10,4537|4694|4707|4708,ND3|NDUFA1|NDUFB1|NDUFB2,-4.1
hits_MCODE_ALL,GO Biological Processes,19,GO:0042773,ATP synthesis coupled electron transport,-6.2,58,15,24155,98,17,4,24,10,4537|4694|4707|4708,ND3|NDUFA1|NDUFB1|NDUFB2,-4
hits_MCODE_ALL,Reactome Gene Sets,6,R-HSA-72689,Formation of a pool of free 40S subunits,-6.2,56,15,24155,101,17,4,24,10,6170|6227|6231|6232,RPL39|RPS21|RPS26|RPS27,-4
hits_MCODE_ALL,Reactome Gene Sets,6,R-HSA-611105,Respiratory electron transport,-6.2,56,15,24155,101,17,4,24,10,4537|4694|4707|4708,ND3|NDUFA1|NDUFB1|NDUFB2,-4
hits_MCODE_ALL,GO Biological Processes,19,GO:0006614,SRP-dependent cotranslational protein targeting to membrane,-6.1,54,14,24155,105,17,4,24,10,6170|6227|6231|6232,RPL39|RPS21|RPS26|RPS27,-4
hits_MCODE_ALL,GO Biological Processes,19,GO:0006613,cotranslational protein targeting to membrane,-6,52,14,24155,109,17,4,24,10,6170|6227|6231|6232,RPL39|RPS21|RPS26|RPS27,-3.9
hits_MCODE_ALL,Reactome Gene Sets,6,R-HSA-156827,L13a-mediated translational silencing of Ceruloplasmin expression,-6,51,14,24155,111,17,4,24,10,6170|6227|6231|6232,RPL39|RPS21|RPS26|RPS27,-3.9
hits_MCODE_ALL,Reactome Gene Sets,6,R-HSA-1799339,SRP-dependent cotranslational protein targeting to membrane,-6,51,14,24155,112,17,4,24,10,6170|6227|6231|6232,RPL39|RPS21|RPS26|RPS27,-3.9
hits_MCODE_ALL,Reactome Gene Sets,6,R-HSA-72706,GTP hydrolysis and joining of the 60S ribosomal subunit,-6,51,14,24155,112,17,4,24,10,6170|6227|6231|6232,RPL39|RPS21|RPS26|RPS27,-3.9
hits_MCODE_ALL,Canonical Pathways,11,M18030,ST TUMOR NECROSIS FACTOR PATHWAY,-6,1.5e+02,21,24155,29,17,3,18,9.2,330|4792|7124,BIRC3|NFKBIA|TNF,-3.8
hits_MCODE_ALL,Reactome Gene Sets,6,R-HSA-975957,Nonsense Mediated Decay (NMD) enhanced by the Exon Junction Complex (EJC),-6,49,14,24155,115,17,4,24,10,6170|6227|6231|6232,RPL39|RPS21|RPS26|RPS27,-3.8
hits_MCODE_ALL,Reactome Gene Sets,6,R-HSA-927802,Nonsense-Mediated Decay (NMD),-6,49,14,24155,115,17,4,24,10,6170|6227|6231|6232,RPL39|RPS21|RPS26|RPS27,-3.8
hits_MCODE_ALL,GO Biological Processes,19,GO:0022904,respiratory electron transport chain,-5.9,49,14,24155,117,17,4,24,10,4537|4694|4707|4708,ND3|NDUFA1|NDUFB1|NDUFB2,-3.8
hits_MCODE_ALL,Reactome Gene Sets,6,R-HSA-2408522,Selenoamino acid metabolism,-5.9,48,14,24155,118,17,4,24,10,6170|6227|6231|6232,RPL39|RPS21|RPS26|RPS27,-3.8
hits_MCODE_ALL,GO Biological Processes,19,GO:0045047,protein targeting to ER,-5.9,48,14,24155,118,17,4,24,10,6170|6227|6231|6232,RPL39|RPS21|RPS26|RPS27,-3.8
hits_MCODE_ALL,Reactome Gene Sets,6,R-HSA-72737,Cap-dependent Translation Initiation,-5.9,48,14,24155,119,17,4,24,10,6170|6227|6231|6232,RPL39|RPS21|RPS26|RPS27,-3.8
hits_MCODE_ALL,Reactome Gene Sets,6,R-HSA-72613,Eukaryotic Translation Initiation,-5.9,48,14,24155,119,17,4,24,10,6170|6227|6231|6232,RPL39|RPS21|RPS26|RPS27,-3.8
hits_MCODE_ALL,GO Biological Processes,19,GO:0000184,"nuclear-transcribed mRNA catabolic process, nonsense-mediated decay",-5.9,47,14,24155,120,17,4,24,10,6170|6227|6231|6232,RPL39|RPS21|RPS26|RPS27,-3.8
hits_MCODE_ALL,GO Biological Processes,19,GO:0072599,establishment of protein localization to endoplasmic reticulum,-5.9,47,13,24155,122,17,4,24,10,6170|6227|6231|6232,RPL39|RPS21|RPS26|RPS27,-3.8
hits_MCODE_ALL,Reactome Gene Sets,6,R-HSA-163200,"Respiratory electron transport, ATP synthesis by chemiosmotic coupling, and heat production by uncou",-5.8,46,13,24155,124,17,4,24,10,4537|4694|4707|4708,ND3|NDUFA1|NDUFB1|NDUFB2,-3.7
hits_MCODE_ALL,CORUM,33,CORUM:305,"40S ribosomal subunit, cytoplasmic",-5.8,1.3e+02,20,24155,33,17,3,18,9.2,6227|6231|6232,RPS21|RPS26|RPS27,-3.7
hits_MCODE_ALL,Canonical Pathways,11,M197,PID HIV NEF PATHWAY,-5.7,1.2e+02,19,24155,35,17,3,18,9.2,330|4792|7124,BIRC3|NFKBIA|TNF,-3.6
hits_MCODE_ALL,KEGG Pathway,24,hsa00190,Oxidative phosphorylation,-5.7,43,13,24155,133,17,4,24,10,4537|4694|4707|4708,ND3|NDUFA1|NDUFB1|NDUFB2,-3.6
hits_MCODE_ALL,Reactome Gene Sets,6,R-HSA-168273,Influenza Viral RNA Transcription and Replication,-5.7,42,13,24155,134,17,4,24,10,6170|6227|6231|6232,RPL39|RPS21|RPS26|RPS27,-3.6
hits_MCODE_ALL,Canonical Pathways,11,M196,PID IL23 PATHWAY,-5.7,1.2e+02,18,24155,37,17,3,18,9.2,2919|4792|7124,CXCL1|NFKBIA|TNF,-3.6
hits_MCODE_ALL,KEGG Pathway,24,hsa05012,Parkinson's disease,-5.6,40,12,24155,142,17,4,24,10,4537|4694|4707|4708,ND3|NDUFA1|NDUFB1|NDUFB2,-3.5
hits_MCODE_ALL,Reactome Gene Sets,6,R-HSA-168255,Influenza Life Cycle,-5.6,39,12,24155,144,17,4,24,10,6170|6227|6231|6232,RPL39|RPS21|RPS26|RPS27,-3.5
hits_MCODE_ALL,GO Biological Processes,19,GO:0006119,oxidative phosphorylation,-5.6,39,12,24155,145,17,4,24,10,4537|4694|4707|4708,ND3|NDUFA1|NDUFB1|NDUFB2,-3.5
hits_MCODE_ALL,GO Biological Processes,19,GO:0070972,protein localization to endoplasmic reticulum,-5.5,39,12,24155,147,17,4,24,10,6170|6227|6231|6232,RPL39|RPS21|RPS26|RPS27,-3.5
hits_MCODE_ALL,KEGG Pathway,24,hsa04932,Non-alcoholic fatty liver disease (NAFLD),-5.5,38,12,24155,149,17,4,24,10,4694|4707|4708|7124,NDUFA1|NDUFB1|NDUFB2|TNF,-3.4
hits_MCODE_ALL,KEGG Pathway,24,hsa03010,Ribosome,-5.5,37,12,24155,153,17,4,24,10,6170|6227|6231|6232,RPL39|RPS21|RPS26|RPS27,-3.4
hits_MCODE_ALL,Reactome Gene Sets,6,R-HSA-168254,Influenza Infection,-5.4,37,12,24155,155,17,4,24,10,6170|6227|6231|6232,RPL39|RPS21|RPS26|RPS27,-3.4
hits_MCODE_ALL,Canonical Pathways,11,M144,PID CERAMIDE PATHWAY,-5.3,89,16,24155,48,17,3,18,9.2,330|4792|7124,BIRC3|NFKBIA|TNF,-3.3
hits_MCODE_ALL,Reactome Gene Sets,6,R-HSA-9010553,Regulation of expression of SLITs and ROBOs,-5.3,33,11,24155,171,17,4,24,10,6170|6227|6231|6232,RPL39|RPS21|RPS26|RPS27,-3.2
hits_MCODE_ALL,KEGG Pathway,24,hsa05010,Alzheimer's disease,-5.3,33,11,24155,171,17,4,24,10,4694|4707|4708|7124,NDUFA1|NDUFB1|NDUFB2|TNF,-3.2
hits_MCODE_ALL,Reactome Gene Sets,6,R-HSA-1428517,The citric acid (TCA) cycle and respiratory electron transport,-5.2,32,11,24155,175,17,4,24,10,4537|4694|4707|4708,ND3|NDUFA1|NDUFB1|NDUFB2,-3.2
hits_MCODE_ALL,Reactome Gene Sets,6,R-HSA-72695,"Formation of the ternary complex, and subsequently, the 43S complex",-5.2,84,16,24155,51,17,3,18,9.2,6227|6231|6232,RPS21|RPS26|RPS27,-3.2
hits_MCODE_ALL,GO Biological Processes,19,GO:0019083,viral transcription,-5.2,32,11,24155,177,17,4,24,10,6170|6227|6231|6232,RPL39|RPS21|RPS26|RPS27,-3.2
hits_MCODE_ALL,Reactome Gene Sets,6,R-HSA-6791226,Major pathway of rRNA processing in the nucleolus and cytosol,-5.1,31,11,24155,185,17,4,24,10,6170|6227|6231|6232,RPL39|RPS21|RPS26|RPS27,-3.1
hits_MCODE_ALL,GO Biological Processes,19,GO:0022900,electron transport chain,-5.1,31,11,24155,186,17,4,24,10,4537|4694|4707|4708,ND3|NDUFA1|NDUFB1|NDUFB2,-3.1
hits_MCODE_ALL,GO Biological Processes,19,GO:0019080,viral gene expression,-5.1,30,11,24155,191,17,4,24,10,6170|6227|6231|6232,RPL39|RPS21|RPS26|RPS27,-3.1
hits_MCODE_ALL,GO Biological Processes,19,GO:0045333,cellular respiration,-5.1,29,11,24155,193,17,4,24,10,4537|4694|4707|4708,ND3|NDUFA1|NDUFB1|NDUFB2,-3.1
hits_MCODE_ALL,Reactome Gene Sets,6,R-HSA-72649,Translation initiation complex formation,-5.1,73,15,24155,58,17,3,18,9.2,6227|6231|6232,RPS21|RPS26|RPS27,-3.1
hits_MCODE_ALL,Reactome Gene Sets,6,R-HSA-72702,Ribosomal scanning and start codon recognition,-5.1,73,15,24155,58,17,3,18,9.2,6227|6231|6232,RPS21|RPS26|RPS27,-3.1
hits_MCODE_ALL,Reactome Gene Sets,6,R-HSA-8868773,rRNA processing in the nucleus and cytosol,-5,29,10,24155,195,17,4,24,10,6170|6227|6231|6232,RPL39|RPS21|RPS26|RPS27,-3
hits_MCODE_ALL,Reactome Gene Sets,6,R-HSA-72662,"Activation of the mRNA upon binding of the cap-binding complex and eIFs, and subsequent binding to 4",-5,72,15,24155,59,17,3,18,9.2,6227|6231|6232,RPS21|RPS26|RPS27,-3
hits_MCODE_ALL,GO Biological Processes,19,GO:0006612,protein targeting to membrane,-5,28,10,24155,202,17,4,24,10,6170|6227|6231|6232,RPL39|RPS21|RPS26|RPS27,-3
hits_MCODE_ALL,GO Biological Processes,19,GO:0071222,cellular response to lipopolysaccharide,-5,28,10,24155,205,17,4,24,10,2919|2921|4792|7124,CXCL1|CXCL3|NFKBIA|TNF,-3
hits_MCODE_ALL,Reactome Gene Sets,6,R-HSA-72312,rRNA processing,-5,28,10,24155,205,17,4,24,10,6170|6227|6231|6232,RPL39|RPS21|RPS26|RPS27,-3
hits_MCODE_ALL,GO Biological Processes,19,GO:0000956,nuclear-transcribed mRNA catabolic process,-4.9,27,10,24155,209,17,4,24,10,6170|6227|6231|6232,RPL39|RPS21|RPS26|RPS27,-2.9
hits_MCODE_ALL,GO Biological Processes,19,GO:0071219,cellular response to molecule of bacterial origin,-4.9,27,10,24155,212,17,4,24,10,2919|2921|4792|7124,CXCL1|CXCL3|NFKBIA|TNF,-2.9
hits_MCODE_ALL,Reactome Gene Sets,6,R-HSA-376176,Signaling by ROBO receptors,-4.9,26,9.9,24155,218,17,4,24,10,6170|6227|6231|6232,RPL39|RPS21|RPS26|RPS27,-2.9
hits_MCODE_ALL,GO Biological Processes,19,GO:0061844,antimicrobial humoral immune response mediated by antimicrobial peptide,-4.8,58,13,24155,73,17,3,18,9.2,2919|2921|6170,CXCL1|CXCL3|RPL39,-2.8
hits_MCODE_ALL,GO Biological Processes,19,GO:0071216,cellular response to biotic stimulus,-4.7,24,9.5,24155,236,17,4,24,10,2919|2921|4792|7124,CXCL1|CXCL3|NFKBIA|TNF,-2.8
hits_MCODE_ALL,GO Biological Processes,19,GO:0072594,establishment of protein localization to organelle,-4.5,13,7.5,24155,549,17,5,29,11,4792|6170|6227|6231|6232,NFKBIA|RPL39|RPS21|RPS26|RPS27,-2.6
hits_MCODE_ALL,KEGG Pathway,24,hsa04064,NF-kappa B signaling pathway,-4.4,45,11,24155,95,17,3,18,9.2,330|4792|7124,BIRC3|NFKBIA|TNF,-2.5
hits_MCODE_ALL,GO Biological Processes,19,GO:0015980,energy derivation by oxidation of organic compounds,-4.4,20,8.5,24155,285,17,4,24,10,4537|4694|4707|4708,ND3|NDUFA1|NDUFB1|NDUFB2,-2.5
hits_MCODE_ALL,Reactome Gene Sets,6,R-HSA-72766,Translation,-4.4,20,8.4,24155,291,17,4,24,10,6170|6227|6231|6232,RPL39|RPS21|RPS26|RPS27,-2.4
hits_MCODE_ALL,GO Biological Processes,19,GO:0002181,cytoplasmic translation,-4.3,43,11,24155,100,17,3,18,9.2,6170|6227|6231,RPL39|RPS21|RPS26,-2.4
hits_MCODE_ALL,GO Biological Processes,19,GO:0071396,cellular response to lipid,-4.3,12,7.1,24155,610,17,5,29,11,2919|2921|4537|4792|7124,CXCL1|CXCL3|ND3|NFKBIA|TNF,-2.4
hits_MCODE_ALL,GO Biological Processes,19,GO:0046034,ATP metabolic process,-4.3,19,8.2,24155,305,17,4,24,10,4537|4694|4707|4708,ND3|NDUFA1|NDUFB1|NDUFB2,-2.4
hits_MCODE_ALL,GO Biological Processes,19,GO:0072657,protein localization to membrane,-4.3,11,7,24155,623,17,5,29,11,6170|6227|6231|6232|7124,RPL39|RPS21|RPS26|RPS27|TNF,-2.4
hits_MCODE_ALL,KEGG Pathway,24,hsa05145,Toxoplasmosis,-4.2,38,10,24155,113,17,3,18,9.2,330|4792|7124,BIRC3|NFKBIA|TNF,-2.3
hits_MCODE_ALL,GO Biological Processes,19,GO:0032496,response to lipopolysaccharide,-4.2,17,7.9,24155,330,17,4,24,10,2919|2921|4792|7124,CXCL1|CXCL3|NFKBIA|TNF,-2.3
hits_MCODE_ALL,GO Biological Processes,19,GO:0090150,establishment of protein localization to membrane,-4.1,17,7.8,24155,334,17,4,24,10,6170|6227|6231|6232,RPL39|RPS21|RPS26|RPS27,-2.2
hits_MCODE_ALL,GO Biological Processes,19,GO:0009205,purine ribonucleoside triphosphate metabolic process,-4.1,17,7.8,24155,335,17,4,24,10,4537|4694|4707|4708,ND3|NDUFA1|NDUFB1|NDUFB2,-2.2
hits_MCODE_ALL,GO Biological Processes,19,GO:0009167,purine ribonucleoside monophosphate metabolic process,-4.1,17,7.7,24155,341,17,4,24,10,4537|4694|4707|4708,ND3|NDUFA1|NDUFB1|NDUFB2,-2.2
hits_MCODE_ALL,GO Biological Processes,19,GO:0009199,ribonucleoside triphosphate metabolic process,-4.1,17,7.7,24155,341,17,4,24,10,4537|4694|4707|4708,ND3|NDUFA1|NDUFB1|NDUFB2,-2.2
hits_MCODE_ALL,GO Biological Processes,19,GO:0009126,purine nucleoside monophosphate metabolic process,-4.1,17,7.7,24155,342,17,4,24,10,4537|4694|4707|4708,ND3|NDUFA1|NDUFB1|NDUFB2,-2.2
hits_MCODE_ALL,GO Biological Processes,19,GO:0009144,purine nucleoside triphosphate metabolic process,-4.1,17,7.7,24155,342,17,4,24,10,4537|4694|4707|4708,ND3|NDUFA1|NDUFB1|NDUFB2,-2.2
hits_MCODE_ALL,GO Biological Processes,19,GO:0002237,response to molecule of bacterial origin,-4.1,17,7.7,24155,343,17,4,24,10,2919|2921|4792|7124,CXCL1|CXCL3|NFKBIA|TNF,-2.2
hits_MCODE_ALL,GO Biological Processes,19,GO:0019730,antimicrobial humoral response,-4.1,35,9.9,24155,123,17,3,18,9.2,2919|2921|6170,CXCL1|CXCL3|RPL39,-2.2
hits_MCODE_ALL,GO Biological Processes,19,GO:0009161,ribonucleoside monophosphate metabolic process,-4,16,7.6,24155,355,17,4,24,10,4537|4694|4707|4708,ND3|NDUFA1|NDUFB1|NDUFB2,-2.2
hits_MCODE_ALL,GO Biological Processes,19,GO:0009617,response to bacterium,-4,10,6.5,24155,702,17,5,29,11,2919|2921|4792|6170|7124,CXCL1|CXCL3|NFKBIA|RPL39|TNF,-2.2
hits_MCODE_ALL,GO Biological Processes,19,GO:0006959,humoral immune response,-4,16,7.5,24155,358,17,4,24,10,2919|2921|6170|7124,CXCL1|CXCL3|RPL39|TNF,-2.2
hits_MCODE_ALL,GO Biological Processes,19,GO:0009141,nucleoside triphosphate metabolic process,-4,16,7.5,24155,362,17,4,24,10,4537|4694|4707|4708,ND3|NDUFA1|NDUFB1|NDUFB2,-2.1
hits_MCODE_ALL,GO Biological Processes,19,GO:0006412,translation,-4,9.9,6.4,24155,715,17,5,29,11,6170|6227|6231|6232|7124,RPL39|RPS21|RPS26|RPS27|TNF,-2.1
hits_MCODE_ALL,GO Biological Processes,19,GO:0006402,mRNA catabolic process,-4,15,7.4,24155,367,17,4,24,10,6170|6227|6231|6232,RPL39|RPS21|RPS26|RPS27,-2.1
hits_MCODE_ALL,Reactome Gene Sets,6,R-HSA-71291,Metabolism of amino acids and derivatives,-3.9,15,7.4,24155,372,17,4,24,10,6170|6227|6231|6232,RPL39|RPS21|RPS26|RPS27,-2.1
hits_MCODE_ALL,KEGG Pathway,24,hsa04210,Apoptosis,-3.9,31,9.3,24155,138,17,3,18,9.2,330|4792|7124,BIRC3|NFKBIA|TNF,-2.1
hits_MCODE_ALL,GO Biological Processes,19,GO:0009123,nucleoside monophosphate metabolic process,-3.9,15,7.3,24155,376,17,4,24,10,4537|4694|4707|4708,ND3|NDUFA1|NDUFB1|NDUFB2,-2.1
hits_MCODE_ALL,GO Biological Processes,19,GO:0043043,peptide biosynthetic process,-3.9,9.6,6.3,24155,740,17,5,29,11,6170|6227|6231|6232|7124,RPL39|RPS21|RPS26|RPS27|TNF,-2.1
hits_MCODE_ALL,Reactome Gene Sets,6,R-HSA-73887,Death Receptor Signalling,-3.9,30,9.2,24155,141,17,3,18,9.2,330|4792|7124,BIRC3|NFKBIA|TNF,-2.1
hits_MCODE_ALL,Reactome Gene Sets,6,R-HSA-5663205,Infectious disease,-3.9,15,7.2,24155,383,17,4,24,10,6170|6227|6231|6232,RPL39|RPS21|RPS26|RPS27,-2.1
hits_MCODE_ALL,GO Biological Processes,19,GO:0006401,RNA catabolic process,-3.8,14,7.1,24155,400,17,4,24,10,6170|6227|6231|6232,RPL39|RPS21|RPS26|RPS27,-2
hits_MCODE_ALL,GO Biological Processes,19,GO:0019221,cytokine-mediated signaling pathway,-3.8,8.9,6,24155,798,17,5,29,11,330|2919|2921|4792|7124,BIRC3|CXCL1|CXCL3|NFKBIA|TNF,-1.9
hits_MCODE_ALL,GO Biological Processes,19,GO:0006605,protein targeting,-3.7,13,6.8,24155,432,17,4,24,10,6170|6227|6231|6232,RPL39|RPS21|RPS26|RPS27,-1.9
hits_MCODE_ALL,GO Biological Processes,19,GO:0033209,tumor necrosis factor-mediated signaling pathway,-3.7,26,8.4,24155,167,17,3,18,9.2,330|4792|7124,BIRC3|NFKBIA|TNF,-1.9
hits_MCODE_ALL,KEGG Pathway,24,hsa04062,Chemokine signaling pathway,-3.6,23,8.1,24155,182,17,3,18,9.2,2919|2921|4792,CXCL1|CXCL3|NFKBIA,-1.8
hits_MCODE_ALL,GO Biological Processes,19,GO:0038061,NIK/NF-kappaB signaling,-3.5,23,8,24155,186,17,3,18,9.2,330|4792|7124,BIRC3|NFKBIA|TNF,-1.8
hits_MCODE_ALL,KEGG Pathway,24,hsa05016,Huntington's disease,-3.5,22,7.8,24155,193,17,3,18,9.2,4694|4707|4708,NDUFA1|NDUFB1|NDUFB2,-1.7
hits_MCODE_ALL,GO Biological Processes,19,GO:0006091,generation of precursor metabolites and energy,-3.4,11,6,24155,526,17,4,24,10,4537|4694|4707|4708,ND3|NDUFA1|NDUFB1|NDUFB2,-1.6
hits_MCODE_ALL,GO Biological Processes,19,GO:0007005,mitochondrion organization,-3.4,11,6,24155,531,17,4,24,10,4537|4694|4707|4708,ND3|NDUFA1|NDUFB1|NDUFB2,-1.6
hits_MCODE_ALL,GO Biological Processes,19,GO:0009150,purine ribonucleotide metabolic process,-3.3,10,5.9,24155,543,17,4,24,10,4537|4694|4707|4708,ND3|NDUFA1|NDUFB1|NDUFB2,-1.6
hits_MCODE_ALL,Reactome Gene Sets,6,R-HSA-422475,Axon guidance,-3.3,10,5.9,24155,553,17,4,24,10,6170|6227|6231|6232,RPL39|RPS21|RPS26|RPS27,-1.5
hits_MCODE_ALL,GO Biological Processes,19,GO:0009259,ribonucleotide metabolic process,-3.3,10,5.8,24155,558,17,4,24,10,4537|4694|4707|4708,ND3|NDUFA1|NDUFB1|NDUFB2,-1.5
hits_MCODE_ALL,GO Biological Processes,19,GO:0006163,purine nucleotide metabolic process,-3.2,9.9,5.7,24155,576,17,4,24,10,4537|4694|4707|4708,ND3|NDUFA1|NDUFB1|NDUFB2,-1.5
hits_MCODE_ALL,GO Biological Processes,19,GO:0019693,ribose phosphate metabolic process,-3.2,9.8,5.7,24155,578,17,4,24,10,4537|4694|4707|4708,ND3|NDUFA1|NDUFB1|NDUFB2,-1.5
hits_MCODE_ALL,GO Biological Processes,19,GO:0072521,purine-containing compound metabolic process,-3.1,9.3,5.5,24155,613,17,4,24,10,4537|4694|4707|4708,ND3|NDUFA1|NDUFB1|NDUFB2,-1.4
hits_MCODE_ALL,GO Biological Processes,19,GO:0007249,I-kappaB kinase/NF-kappaB signaling,-3.1,16,6.5,24155,269,17,3,18,9.2,330|4792|7124,BIRC3|NFKBIA|TNF,-1.4
hits_MCODE_ALL,KEGG Pathway,24,hsa04060,Cytokine-cytokine receptor interaction,-3.1,16,6.5,24155,270,17,3,18,9.2,2919|2921|7124,CXCL1|CXCL3|TNF,-1.4
hits_MCODE_ALL,GO Biological Processes,19,GO:0034655,nucleobase-containing compound catabolic process,-3,8.7,5.3,24155,652,17,4,24,10,6170|6227|6231|6232,RPL39|RPS21|RPS26|RPS27,-1.3
hits_MCODE_ALL,GO Biological Processes,19,GO:0071356,cellular response to tumor necrosis factor,-3,15,6.2,24155,291,17,3,18,9.2,330|4792|7124,BIRC3|NFKBIA|TNF,-1.3
hits_MCODE_ALL,Reactome Gene Sets,6,R-HSA-8953854,Metabolism of RNA,-3,8.4,5.2,24155,675,17,4,24,10,6170|6227|6231|6232,RPL39|RPS21|RPS26|RPS27,-1.3
hits_MCODE_ALL,GO Biological Processes,19,GO:0046700,heterocycle catabolic process,-2.9,8.1,5.1,24155,705,17,4,24,10,6170|6227|6231|6232,RPL39|RPS21|RPS26|RPS27,-1.2
hits_MCODE_ALL,GO Biological Processes,19,GO:0034612,response to tumor necrosis factor,-2.9,14,6,24155,312,17,3,18,9.2,330|4792|7124,BIRC3|NFKBIA|TNF,-1.2
hits_MCODE_ALL,GO Biological Processes,19,GO:0044270,cellular nitrogen compound catabolic process,-2.9,8.1,5,24155,706,17,4,24,10,6170|6227|6231|6232,RPL39|RPS21|RPS26|RPS27,-1.2
hits_MCODE_ALL,GO Biological Processes,19,GO:0009117,nucleotide metabolic process,-2.9,8,5,24155,710,17,4,24,10,4537|4694|4707|4708,ND3|NDUFA1|NDUFB1|NDUFB2,-1.2
hits_MCODE_ALL,GO Biological Processes,19,GO:0019439,aromatic compound catabolic process,-2.9,7.9,5,24155,717,17,4,24,10,6170|6227|6231|6232,RPL39|RPS21|RPS26|RPS27,-1.2
hits_MCODE_ALL,GO Biological Processes,19,GO:0006753,nucleoside phosphate metabolic process,-2.9,7.9,5,24155,717,17,4,24,10,4537|4694|4707|4708,ND3|NDUFA1|NDUFB1|NDUFB2,-1.2
hits_MCODE_ALL,GO Biological Processes,19,GO:1901361,organic cyclic compound catabolic process,-2.8,7.5,4.8,24155,755,17,4,24,10,6170|6227|6231|6232,RPL39|RPS21|RPS26|RPS27,-1.1
hits_MCODE_ALL,Canonical Pathways,11,M5883,NABA SECRETED FACTORS,-2.8,12,5.6,24155,344,17,3,18,9.2,2919|2921|7124,CXCL1|CXCL3|TNF,-1.1
hits_MCODE_ALL,GO Biological Processes,19,GO:0050727,regulation of inflammatory response,-2.3,8.7,4.6,24155,489,17,3,18,9.2,330|4792|7124,BIRC3|NFKBIA|TNF,-0.72
hits_MCODE_ALL,GO Biological Processes,19,GO:0050900,leukocyte migration,-2.3,8.5,4.5,24155,501,17,3,18,9.2,2919|2921|7124,CXCL1|CXCL3|TNF,-0.7
hits_MCODE_ALL,GO Biological Processes,19,GO:0031349,positive regulation of defense response,-2.3,8.1,4.4,24155,524,17,3,18,9.2,330|4792|7124,BIRC3|NFKBIA|TNF,-0.65
hits_MCODE_ALL,GO Biological Processes,19,GO:0098542,defense response to other organism,-2.2,7.5,4.1,24155,571,17,3,18,9.2,330|6170|7124,BIRC3|RPL39|TNF,-0.56
hits_MCODE_ALL,Reactome Gene Sets,6,R-HSA-449147,Signaling by Interleukins,-2,6.7,3.9,24155,634,17,3,18,9.2,2919|4792|7124,CXCL1|NFKBIA|TNF,-0.44
hits_SUB1_MCODE_1,KEGG Pathway,24,hsa04668,TNF signaling pathway,-11,1.9e+02,30,24155,108,6,5,83,15,330|2919|2921|4792|7124,BIRC3|CXCL1|CXCL3|NFKBIA|TNF,-7
hits_SUB1_MCODE_1,KEGG Pathway,24,hsa04621,NOD-like receptor signaling pathway,-10,1.2e+02,24,24155,170,6,5,83,15,330|2919|2921|4792|7124,BIRC3|CXCL1|CXCL3|NFKBIA|TNF,-6.5
hits_SUB1_MCODE_1,KEGG Pathway,24,hsa05134,Legionellosis,-9.4,2.9e+02,34,24155,55,6,4,67,19,2919|2921|4792|7124,CXCL1|CXCL3|NFKBIA|TNF,-6.4
hits_SUB1_MCODE_1,KEGG Pathway,24,hsa04657,IL-17 signaling pathway,-8.5,1.7e+02,26,24155,93,6,4,67,19,2919|2921|4792|7124,CXCL1|CXCL3|NFKBIA|TNF,-5.9
hits_SUB1_MCODE_1,Canonical Pathways,11,M18030,ST TUMOR NECROSIS FACTOR PATHWAY,-7.5,4.2e+02,35,24155,29,6,3,50,20,330|4792|7124,BIRC3|NFKBIA|TNF,-5
hits_SUB1_MCODE_1,Canonical Pathways,11,M197,PID HIV NEF PATHWAY,-7.3,3.5e+02,32,24155,35,6,3,50,20,330|4792|7124,BIRC3|NFKBIA|TNF,-4.9
hits_SUB1_MCODE_1,Canonical Pathways,11,M196,PID IL23 PATHWAY,-7.2,3.3e+02,31,24155,37,6,3,50,20,2919|4792|7124,CXCL1|NFKBIA|TNF,-4.8
hits_SUB1_MCODE_1,GO Biological Processes,19,GO:0071222,cellular response to lipopolysaccharide,-7.1,79,18,24155,205,6,4,67,19,2919|2921|4792|7124,CXCL1|CXCL3|NFKBIA|TNF,-4.8
hits_SUB1_MCODE_1,GO Biological Processes,19,GO:0071219,cellular response to molecule of bacterial origin,-7.1,76,17,24155,212,6,4,67,19,2919|2921|4792|7124,CXCL1|CXCL3|NFKBIA|TNF,-4.7
hits_SUB1_MCODE_1,GO Biological Processes,19,GO:0071216,cellular response to biotic stimulus,-6.9,68,16,24155,236,6,4,67,19,2919|2921|4792|7124,CXCL1|CXCL3|NFKBIA|TNF,-4.6
hits_SUB1_MCODE_1,Canonical Pathways,11,M144,PID CERAMIDE PATHWAY,-6.8,2.5e+02,27,24155,48,6,3,50,20,330|4792|7124,BIRC3|NFKBIA|TNF,-4.5
hits_SUB1_MCODE_1,GO Biological Processes,19,GO:0019221,cytokine-mediated signaling pathway,-6.6,25,11,24155,798,6,5,83,15,330|2919|2921|4792|7124,BIRC3|CXCL1|CXCL3|NFKBIA|TNF,-4.4
hits_SUB1_MCODE_1,GO Biological Processes,19,GO:0032496,response to lipopolysaccharide,-6.3,49,14,24155,330,6,4,67,19,2919|2921|4792|7124,CXCL1|CXCL3|NFKBIA|TNF,-4.1
hits_SUB1_MCODE_1,GO Biological Processes,19,GO:0002237,response to molecule of bacterial origin,-6.2,47,14,24155,343,6,4,67,19,2919|2921|4792|7124,CXCL1|CXCL3|NFKBIA|TNF,-4
hits_SUB1_MCODE_1,KEGG Pathway,24,hsa04064,NF-kappa B signaling pathway,-5.9,1.3e+02,19,24155,95,6,3,50,20,330|4792|7124,BIRC3|NFKBIA|TNF,-3.8
hits_SUB1_MCODE_1,KEGG Pathway,24,hsa05145,Toxoplasmosis,-5.7,1.1e+02,18,24155,113,6,3,50,20,330|4792|7124,BIRC3|NFKBIA|TNF,-3.6
hits_SUB1_MCODE_1,KEGG Pathway,24,hsa04210,Apoptosis,-5.4,88,16,24155,138,6,3,50,20,330|4792|7124,BIRC3|NFKBIA|TNF,-3.4
hits_SUB1_MCODE_1,Reactome Gene Sets,6,R-HSA-73887,Death Receptor Signalling,-5.4,86,16,24155,141,6,3,50,20,330|4792|7124,BIRC3|NFKBIA|TNF,-3.4
hits_SUB1_MCODE_1,GO Biological Processes,19,GO:0071396,cellular response to lipid,-5.2,26,10,24155,610,6,4,67,19,2919|2921|4792|7124,CXCL1|CXCL3|NFKBIA|TNF,-3.2
hits_SUB1_MCODE_1,GO Biological Processes,19,GO:0033209,tumor necrosis factor-mediated signaling pathway,-5.2,72,15,24155,167,6,3,50,20,330|4792|7124,BIRC3|NFKBIA|TNF,-3.2
hits_SUB1_MCODE_1,KEGG Pathway,24,hsa04062,Chemokine signaling pathway,-5.1,66,14,24155,182,6,3,50,20,2919|2921|4792,CXCL1|CXCL3|NFKBIA,-3.1
hits_SUB1_MCODE_1,GO Biological Processes,19,GO:0038061,NIK/NF-kappaB signaling,-5.1,65,14,24155,186,6,3,50,20,330|4792|7124,BIRC3|NFKBIA|TNF,-3.1
hits_SUB1_MCODE_1,GO Biological Processes,19,GO:0009617,response to bacterium,-5,23,9.3,24155,702,6,4,67,19,2919|2921|4792|7124,CXCL1|CXCL3|NFKBIA|TNF,-3
hits_SUB1_MCODE_1,GO Biological Processes,19,GO:0007249,I-kappaB kinase/NF-kappaB signaling,-4.6,45,11,24155,269,6,3,50,20,330|4792|7124,BIRC3|NFKBIA|TNF,-2.6
hits_SUB1_MCODE_1,KEGG Pathway,24,hsa04060,Cytokine-cytokine receptor interaction,-4.6,45,11,24155,270,6,3,50,20,2919|2921|7124,CXCL1|CXCL3|TNF,-2.6
hits_SUB1_MCODE_1,GO Biological Processes,19,GO:0071356,cellular response to tumor necrosis factor,-4.5,42,11,24155,291,6,3,50,20,330|4792|7124,BIRC3|NFKBIA|TNF,-2.5
hits_SUB1_MCODE_1,GO Biological Processes,19,GO:0034612,response to tumor necrosis factor,-4.4,39,11,24155,312,6,3,50,20,330|4792|7124,BIRC3|NFKBIA|TNF,-2.4
hits_SUB1_MCODE_1,Canonical Pathways,11,M5883,NABA SECRETED FACTORS,-4.3,35,10,24155,344,6,3,50,20,2919|2921|7124,CXCL1|CXCL3|TNF,-2.3
hits_SUB1_MCODE_1,GO Biological Processes,19,GO:0006959,humoral immune response,-4.2,34,9.8,24155,358,6,3,50,20,2919|2921|7124,CXCL1|CXCL3|TNF,-2.3
hits_SUB1_MCODE_1,GO Biological Processes,19,GO:0050727,regulation of inflammatory response,-3.8,25,8.3,24155,489,6,3,50,20,330|4792|7124,BIRC3|NFKBIA|TNF,-2
hits_SUB1_MCODE_1,GO Biological Processes,19,GO:0050900,leukocyte migration,-3.8,24,8.2,24155,501,6,3,50,20,2919|2921|7124,CXCL1|CXCL3|TNF,-2
hits_SUB1_MCODE_1,GO Biological Processes,19,GO:0031349,positive regulation of defense response,-3.7,23,8,24155,524,6,3,50,20,330|4792|7124,BIRC3|NFKBIA|TNF,-1.9
hits_SUB1_MCODE_1,Reactome Gene Sets,6,R-HSA-449147,Signaling by Interleukins,-3.5,19,7.3,24155,634,6,3,50,20,2919|4792|7124,CXCL1|NFKBIA|TNF,-1.7
hits_SUB1_MCODE_1,Canonical Pathways,11,M5885,NABA MATRISOME ASSOCIATED,-3.2,16,6.6,24155,753,6,3,50,20,2919|2921|7124,CXCL1|CXCL3|TNF,-1.5
hits_SUB1_MCODE_2,CORUM,33,CORUM:306,"Ribosome, cytoplasmic",-10,3e+02,35,24155,80,4,4,1e+02,22,6170|6227|6231|6232,RPL39|RPS21|RPS26|RPS27,-6.5
hits_SUB1_MCODE_2,Reactome Gene Sets,6,R-HSA-192823,Viral mRNA Translation,-9.8,2.7e+02,33,24155,89,4,4,1e+02,22,6170|6227|6231|6232,RPL39|RPS21|RPS26|RPS27,-6.5
hits_SUB1_MCODE_2,Reactome Gene Sets,6,R-HSA-156902,Peptide chain elongation,-9.8,2.7e+02,33,24155,89,4,4,1e+02,22,6170|6227|6231|6232,RPL39|RPS21|RPS26|RPS27,-6.5
hits_SUB1_MCODE_2,Reactome Gene Sets,6,R-HSA-156842,Eukaryotic Translation Elongation,-9.7,2.6e+02,32,24155,93,4,4,1e+02,22,6170|6227|6231|6232,RPL39|RPS21|RPS26|RPS27,-6.5
hits_SUB1_MCODE_2,Reactome Gene Sets,6,R-HSA-72764,Eukaryotic Translation Termination,-9.7,2.6e+02,32,24155,93,4,4,1e+02,22,6170|6227|6231|6232,RPL39|RPS21|RPS26|RPS27,-6.5
hits_SUB1_MCODE_2,Reactome Gene Sets,6,R-HSA-2408557,Selenocysteine synthesis,-9.7,2.6e+02,32,24155,93,4,4,1e+02,22,6170|6227|6231|6232,RPL39|RPS21|RPS26|RPS27,-6.5
hits_SUB1_MCODE_2,Reactome Gene Sets,6,R-HSA-975956,Nonsense Mediated Decay (NMD) independent of the Exon Junction Complex (EJC),-9.6,2.5e+02,32,24155,95,4,4,1e+02,22,6170|6227|6231|6232,RPL39|RPS21|RPS26|RPS27,-6.5
hits_SUB1_MCODE_2,Reactome Gene Sets,6,R-HSA-72689,Formation of a pool of free 40S subunits,-9.5,2.4e+02,31,24155,101,4,4,1e+02,22,6170|6227|6231|6232,RPL39|RPS21|RPS26|RPS27,-6.5
hits_SUB1_MCODE_2,GO Biological Processes,19,GO:0006614,SRP-dependent cotranslational protein targeting to membrane,-9.5,2.3e+02,30,24155,105,4,4,1e+02,22,6170|6227|6231|6232,RPL39|RPS21|RPS26|RPS27,-6.5
hits_SUB1_MCODE_2,GO Biological Processes,19,GO:0006613,cotranslational protein targeting to membrane,-9.4,2.2e+02,30,24155,109,4,4,1e+02,22,6170|6227|6231|6232,RPL39|RPS21|RPS26|RPS27,-6.4
hits_SUB1_MCODE_2,Reactome Gene Sets,6,R-HSA-156827,L13a-mediated translational silencing of Ceruloplasmin expression,-9.4,2.2e+02,29,24155,111,4,4,1e+02,22,6170|6227|6231|6232,RPL39|RPS21|RPS26|RPS27,-6.4
hits_SUB1_MCODE_2,Reactome Gene Sets,6,R-HSA-1799339,SRP-dependent cotranslational protein targeting to membrane,-9.4,2.2e+02,29,24155,112,4,4,1e+02,22,6170|6227|6231|6232,RPL39|RPS21|RPS26|RPS27,-6.4
hits_SUB1_MCODE_2,Reactome Gene Sets,6,R-HSA-72706,GTP hydrolysis and joining of the 60S ribosomal subunit,-9.4,2.2e+02,29,24155,112,4,4,1e+02,22,6170|6227|6231|6232,RPL39|RPS21|RPS26|RPS27,-6.4
hits_SUB1_MCODE_2,Reactome Gene Sets,6,R-HSA-927802,Nonsense-Mediated Decay (NMD),-9.3,2.1e+02,29,24155,115,4,4,1e+02,22,6170|6227|6231|6232,RPL39|RPS21|RPS26|RPS27,-6.4
hits_SUB1_MCODE_2,Reactome Gene Sets,6,R-HSA-975957,Nonsense Mediated Decay (NMD) enhanced by the Exon Junction Complex (EJC),-9.3,2.1e+02,29,24155,115,4,4,1e+02,22,6170|6227|6231|6232,RPL39|RPS21|RPS26|RPS27,-6.4
hits_SUB1_MCODE_2,Reactome Gene Sets,6,R-HSA-2408522,Selenoamino acid metabolism,-9.3,2e+02,29,24155,118,4,4,1e+02,22,6170|6227|6231|6232,RPL39|RPS21|RPS26|RPS27,-6.4
hits_SUB1_MCODE_2,GO Biological Processes,19,GO:0045047,protein targeting to ER,-9.3,2e+02,29,24155,118,4,4,1e+02,22,6170|6227|6231|6232,RPL39|RPS21|RPS26|RPS27,-6.4
hits_SUB1_MCODE_2,Reactome Gene Sets,6,R-HSA-72737,Cap-dependent Translation Initiation,-9.3,2e+02,28,24155,119,4,4,1e+02,22,6170|6227|6231|6232,RPL39|RPS21|RPS26|RPS27,-6.4
hits_SUB1_MCODE_2,Reactome Gene Sets,6,R-HSA-72613,Eukaryotic Translation Initiation,-9.3,2e+02,28,24155,119,4,4,1e+02,22,6170|6227|6231|6232,RPL39|RPS21|RPS26|RPS27,-6.4
hits_SUB1_MCODE_2,GO Biological Processes,19,GO:0000184,"nuclear-transcribed mRNA catabolic process, nonsense-mediated decay",-9.2,2e+02,28,24155,120,4,4,1e+02,22,6170|6227|6231|6232,RPL39|RPS21|RPS26|RPS27,-6.4
hits_SUB1_MCODE_2,GO Biological Processes,19,GO:0072599,establishment of protein localization to endoplasmic reticulum,-9.2,2e+02,28,24155,122,4,4,1e+02,22,6170|6227|6231|6232,RPL39|RPS21|RPS26|RPS27,-6.4
hits_SUB1_MCODE_2,Reactome Gene Sets,6,R-HSA-168273,Influenza Viral RNA Transcription and Replication,-9,1.8e+02,27,24155,134,4,4,1e+02,22,6170|6227|6231|6232,RPL39|RPS21|RPS26|RPS27,-6.3
hits_SUB1_MCODE_2,Reactome Gene Sets,6,R-HSA-168255,Influenza Life Cycle,-8.9,1.7e+02,26,24155,144,4,4,1e+02,22,6170|6227|6231|6232,RPL39|RPS21|RPS26|RPS27,-6.2
hits_SUB1_MCODE_2,GO Biological Processes,19,GO:0070972,protein localization to endoplasmic reticulum,-8.9,1.6e+02,26,24155,147,4,4,1e+02,22,6170|6227|6231|6232,RPL39|RPS21|RPS26|RPS27,-6.2
hits_SUB1_MCODE_2,KEGG Pathway,24,hsa03010,Ribosome,-8.8,1.6e+02,25,24155,153,4,4,1e+02,22,6170|6227|6231|6232,RPL39|RPS21|RPS26|RPS27,-6.1
hits_SUB1_MCODE_2,Reactome Gene Sets,6,R-HSA-168254,Influenza Infection,-8.8,1.6e+02,25,24155,155,4,4,1e+02,22,6170|6227|6231|6232,RPL39|RPS21|RPS26|RPS27,-6.1
hits_SUB1_MCODE_2,Reactome Gene Sets,6,R-HSA-9010553,Regulation of expression of SLITs and ROBOs,-8.6,1.4e+02,24,24155,171,4,4,1e+02,22,6170|6227|6231|6232,RPL39|RPS21|RPS26|RPS27,-6
hits_SUB1_MCODE_2,GO Biological Processes,19,GO:0019083,viral transcription,-8.6,1.4e+02,23,24155,177,4,4,1e+02,22,6170|6227|6231|6232,RPL39|RPS21|RPS26|RPS27,-5.9
hits_SUB1_MCODE_2,Reactome Gene Sets,6,R-HSA-6791226,Major pathway of rRNA processing in the nucleolus and cytosol,-8.5,1.3e+02,23,24155,185,4,4,1e+02,22,6170|6227|6231|6232,RPL39|RPS21|RPS26|RPS27,-5.9
hits_SUB1_MCODE_2,GO Biological Processes,19,GO:0019080,viral gene expression,-8.4,1.3e+02,22,24155,191,4,4,1e+02,22,6170|6227|6231|6232,RPL39|RPS21|RPS26|RPS27,-5.8
hits_SUB1_MCODE_2,GO Biological Processes,19,GO:0006413,translational initiation,-8.4,1.3e+02,22,24155,193,4,4,1e+02,22,6170|6227|6231|6232,RPL39|RPS21|RPS26|RPS27,-5.8
hits_SUB1_MCODE_2,Reactome Gene Sets,6,R-HSA-8868773,rRNA processing in the nucleus and cytosol,-8.4,1.2e+02,22,24155,195,4,4,1e+02,22,6170|6227|6231|6232,RPL39|RPS21|RPS26|RPS27,-5.8
hits_SUB1_MCODE_2,GO Biological Processes,19,GO:0006612,protein targeting to membrane,-8.3,1.2e+02,22,24155,202,4,4,1e+02,22,6170|6227|6231|6232,RPL39|RPS21|RPS26|RPS27,-5.8
hits_SUB1_MCODE_2,Reactome Gene Sets,6,R-HSA-72312,rRNA processing,-8.3,1.2e+02,22,24155,205,4,4,1e+02,22,6170|6227|6231|6232,RPL39|RPS21|RPS26|RPS27,-5.8
hits_SUB1_MCODE_2,GO Biological Processes,19,GO:0000956,nuclear-transcribed mRNA catabolic process,-8.3,1.2e+02,21,24155,209,4,4,1e+02,22,6170|6227|6231|6232,RPL39|RPS21|RPS26|RPS27,-5.7
hits_SUB1_MCODE_2,Reactome Gene Sets,6,R-HSA-376176,Signaling by ROBO receptors,-8.2,1.1e+02,21,24155,218,4,4,1e+02,22,6170|6227|6231|6232,RPL39|RPS21|RPS26|RPS27,-5.7
hits_SUB1_MCODE_2,CORUM,33,CORUM:305,"40S ribosomal subunit, cytoplasmic",-8,5.5e+02,41,24155,33,4,3,75,22,6227|6231|6232,RPS21|RPS26|RPS27,-5.5
hits_SUB1_MCODE_2,Reactome Gene Sets,6,R-HSA-72766,Translation,-7.7,83,18,24155,291,4,4,1e+02,22,6170|6227|6231|6232,RPL39|RPS21|RPS26|RPS27,-5.2
hits_SUB1_MCODE_2,Reactome Gene Sets,6,R-HSA-72695,"Formation of the ternary complex, and subsequently, the 43S complex",-7.5,3.6e+02,33,24155,51,4,3,75,22,6227|6231|6232,RPS21|RPS26|RPS27,-5
hits_SUB1_MCODE_2,GO Biological Processes,19,GO:0090150,establishment of protein localization to membrane,-7.4,72,17,24155,334,4,4,1e+02,22,6170|6227|6231|6232,RPL39|RPS21|RPS26|RPS27,-5
hits_SUB1_MCODE_2,GO Biological Processes,19,GO:0006402,mRNA catabolic process,-7.3,66,16,24155,367,4,4,1e+02,22,6170|6227|6231|6232,RPL39|RPS21|RPS26|RPS27,-4.9
hits_SUB1_MCODE_2,Reactome Gene Sets,6,R-HSA-72649,Translation initiation complex formation,-7.3,3.1e+02,31,24155,58,4,3,75,22,6227|6231|6232,RPS21|RPS26|RPS27,-4.9
hits_SUB1_MCODE_2,Reactome Gene Sets,6,R-HSA-72702,Ribosomal scanning and start codon recognition,-7.3,3.1e+02,31,24155,58,4,3,75,22,6227|6231|6232,RPS21|RPS26|RPS27,-4.9
hits_SUB1_MCODE_2,Reactome Gene Sets,6,R-HSA-72662,"Activation of the mRNA upon binding of the cap-binding complex and eIFs, and subsequent binding to 4",-7.3,3.1e+02,30,24155,59,4,3,75,22,6227|6231|6232,RPS21|RPS26|RPS27,-4.9
hits_SUB1_MCODE_2,Reactome Gene Sets,6,R-HSA-71291,Metabolism of amino acids and derivatives,-7.3,65,16,24155,372,4,4,1e+02,22,6170|6227|6231|6232,RPL39|RPS21|RPS26|RPS27,-4.9
hits_SUB1_MCODE_2,Reactome Gene Sets,6,R-HSA-5663205,Infectious disease,-7.2,63,16,24155,383,4,4,1e+02,22,6170|6227|6231|6232,RPL39|RPS21|RPS26|RPS27,-4.8
hits_SUB1_MCODE_2,GO Biological Processes,19,GO:0006401,RNA catabolic process,-7.1,60,15,24155,400,4,4,1e+02,22,6170|6227|6231|6232,RPL39|RPS21|RPS26|RPS27,-4.8
hits_SUB1_MCODE_2,GO Biological Processes,19,GO:0006605,protein targeting,-7,56,15,24155,432,4,4,1e+02,22,6170|6227|6231|6232,RPL39|RPS21|RPS26|RPS27,-4.7
hits_SUB1_MCODE_2,GO Biological Processes,19,GO:0072594,establishment of protein localization to organelle,-6.6,44,13,24155,549,4,4,1e+02,22,6170|6227|6231|6232,RPL39|RPS21|RPS26|RPS27,-4.3
hits_SUB1_MCODE_2,Reactome Gene Sets,6,R-HSA-422475,Axon guidance,-6.6,44,13,24155,553,4,4,1e+02,22,6170|6227|6231|6232,RPL39|RPS21|RPS26|RPS27,-4.3
hits_SUB1_MCODE_2,GO Biological Processes,19,GO:0002181,cytoplasmic translation,-6.6,1.8e+02,23,24155,100,4,3,75,22,6170|6227|6231,RPL39|RPS21|RPS26,-4.3
hits_SUB1_MCODE_2,GO Biological Processes,19,GO:0072657,protein localization to membrane,-6.4,39,12,24155,623,4,4,1e+02,22,6170|6227|6231|6232,RPL39|RPS21|RPS26|RPS27,-4.1
hits_SUB1_MCODE_2,GO Biological Processes,19,GO:0034655,nucleobase-containing compound catabolic process,-6.3,37,12,24155,652,4,4,1e+02,22,6170|6227|6231|6232,RPL39|RPS21|RPS26|RPS27,-4.1
hits_SUB1_MCODE_2,Reactome Gene Sets,6,R-HSA-8953854,Metabolism of RNA,-6.2,36,12,24155,675,4,4,1e+02,22,6170|6227|6231|6232,RPL39|RPS21|RPS26|RPS27,-4
hits_SUB1_MCODE_2,GO Biological Processes,19,GO:0046700,heterocycle catabolic process,-6.1,34,12,24155,705,4,4,1e+02,22,6170|6227|6231|6232,RPL39|RPS21|RPS26|RPS27,-4
hits_SUB1_MCODE_2,GO Biological Processes,19,GO:0044270,cellular nitrogen compound catabolic process,-6.1,34,12,24155,706,4,4,1e+02,22,6170|6227|6231|6232,RPL39|RPS21|RPS26|RPS27,-4
hits_SUB1_MCODE_2,GO Biological Processes,19,GO:0006412,translation,-6.1,34,11,24155,715,4,4,1e+02,22,6170|6227|6231|6232,RPL39|RPS21|RPS26|RPS27,-4
hits_SUB1_MCODE_2,GO Biological Processes,19,GO:0019439,aromatic compound catabolic process,-6.1,34,11,24155,717,4,4,1e+02,22,6170|6227|6231|6232,RPL39|RPS21|RPS26|RPS27,-4
hits_SUB1_MCODE_2,GO Biological Processes,19,GO:0043043,peptide biosynthetic process,-6.1,33,11,24155,740,4,4,1e+02,22,6170|6227|6231|6232,RPL39|RPS21|RPS26|RPS27,-3.9
hits_SUB1_MCODE_2,GO Biological Processes,19,GO:1901361,organic cyclic compound catabolic process,-6,32,11,24155,755,4,4,1e+02,22,6170|6227|6231|6232,RPL39|RPS21|RPS26|RPS27,-3.9
hits_SUB3_MCODE_3,CORUM,33,CORUM:178,"Respiratory chain complex I (holoenzyme), mitochondrial",-11,5.5e+02,47,24155,44,4,4,1e+02,22,4537|4694|4707|4708,ND3|NDUFA1|NDUFB1|NDUFB2,-7
hits_SUB3_MCODE_3,Reactome Gene Sets,6,R-HSA-6799198,Complex I biogenesis,-11,4.4e+02,42,24155,55,4,4,1e+02,22,4537|4694|4707|4708,ND3|NDUFA1|NDUFB1|NDUFB2,-6.9
hits_SUB3_MCODE_3,GO Biological Processes,19,GO:0006120,"mitochondrial electron transport, NADH to ubiquinone",-11,4.4e+02,42,24155,55,4,4,1e+02,22,4537|4694|4707|4708,ND3|NDUFA1|NDUFB1|NDUFB2,-6.9
hits_SUB3_MCODE_3,GO Biological Processes,19,GO:0010257,NADH dehydrogenase complex assembly,-10,3.8e+02,39,24155,64,4,4,1e+02,22,4537|4694|4707|4708,ND3|NDUFA1|NDUFB1|NDUFB2,-6.8
hits_SUB3_MCODE_3,GO Biological Processes,19,GO:0032981,mitochondrial respiratory chain complex I assembly,-10,3.8e+02,39,24155,64,4,4,1e+02,22,4537|4694|4707|4708,ND3|NDUFA1|NDUFB1|NDUFB2,-6.8
hits_SUB3_MCODE_3,GO Biological Processes,19,GO:0033108,mitochondrial respiratory chain complex assembly,-9.6,2.5e+02,32,24155,96,4,4,1e+02,22,4537|4694|4707|4708,ND3|NDUFA1|NDUFB1|NDUFB2,-6.5
hits_SUB3_MCODE_3,GO Biological Processes,19,GO:0042775,mitochondrial ATP synthesis coupled electron transport,-9.6,2.5e+02,31,24155,97,4,4,1e+02,22,4537|4694|4707|4708,ND3|NDUFA1|NDUFB1|NDUFB2,-6.5
hits_SUB3_MCODE_3,GO Biological Processes,19,GO:0042773,ATP synthesis coupled electron transport,-9.6,2.5e+02,31,24155,98,4,4,1e+02,22,4537|4694|4707|4708,ND3|NDUFA1|NDUFB1|NDUFB2,-6.5
hits_SUB3_MCODE_3,Reactome Gene Sets,6,R-HSA-611105,Respiratory electron transport,-9.5,2.4e+02,31,24155,101,4,4,1e+02,22,4537|4694|4707|4708,ND3|NDUFA1|NDUFB1|NDUFB2,-6.5
hits_SUB3_MCODE_3,GO Biological Processes,19,GO:0022904,respiratory electron transport chain,-9.3,2.1e+02,29,24155,117,4,4,1e+02,22,4537|4694|4707|4708,ND3|NDUFA1|NDUFB1|NDUFB2,-6.4
hits_SUB3_MCODE_3,Reactome Gene Sets,6,R-HSA-163200,"Respiratory electron transport, ATP synthesis by chemiosmotic coupling, and heat production by uncou",-9.2,1.9e+02,28,24155,124,4,4,1e+02,22,4537|4694|4707|4708,ND3|NDUFA1|NDUFB1|NDUFB2,-6.4
hits_SUB3_MCODE_3,KEGG Pathway,24,hsa00190,Oxidative phosphorylation,-9.1,1.8e+02,27,24155,133,4,4,1e+02,22,4537|4694|4707|4708,ND3|NDUFA1|NDUFB1|NDUFB2,-6.3
hits_SUB3_MCODE_3,KEGG Pathway,24,hsa05012,Parkinson's disease,-8.9,1.7e+02,26,24155,142,4,4,1e+02,22,4537|4694|4707|4708,ND3|NDUFA1|NDUFB1|NDUFB2,-6.2
hits_SUB3_MCODE_3,GO Biological Processes,19,GO:0006119,oxidative phosphorylation,-8.9,1.7e+02,26,24155,145,4,4,1e+02,22,4537|4694|4707|4708,ND3|NDUFA1|NDUFB1|NDUFB2,-6.2
hits_SUB3_MCODE_3,Reactome Gene Sets,6,R-HSA-1428517,The citric acid (TCA) cycle and respiratory electron transport,-8.6,1.4e+02,23,24155,175,4,4,1e+02,22,4537|4694|4707|4708,ND3|NDUFA1|NDUFB1|NDUFB2,-5.9
hits_SUB3_MCODE_3,GO Biological Processes,19,GO:0022900,electron transport chain,-8.5,1.3e+02,23,24155,186,4,4,1e+02,22,4537|4694|4707|4708,ND3|NDUFA1|NDUFB1|NDUFB2,-5.9
hits_SUB3_MCODE_3,GO Biological Processes,19,GO:0045333,cellular respiration,-8.4,1.3e+02,22,24155,193,4,4,1e+02,22,4537|4694|4707|4708,ND3|NDUFA1|NDUFB1|NDUFB2,-5.8
hits_SUB3_MCODE_3,GO Biological Processes,19,GO:0015980,energy derivation by oxidation of organic compounds,-7.7,85,18,24155,285,4,4,1e+02,22,4537|4694|4707|4708,ND3|NDUFA1|NDUFB1|NDUFB2,-5.2
hits_SUB3_MCODE_3,GO Biological Processes,19,GO:0046034,ATP metabolic process,-7.6,79,18,24155,305,4,4,1e+02,22,4537|4694|4707|4708,ND3|NDUFA1|NDUFB1|NDUFB2,-5.1
hits_SUB3_MCODE_3,GO Biological Processes,19,GO:0009205,purine ribonucleoside triphosphate metabolic process,-7.4,72,17,24155,335,4,4,1e+02,22,4537|4694|4707|4708,ND3|NDUFA1|NDUFB1|NDUFB2,-5
hits_SUB3_MCODE_3,GO Biological Processes,19,GO:0009167,purine ribonucleoside monophosphate metabolic process,-7.4,71,17,24155,341,4,4,1e+02,22,4537|4694|4707|4708,ND3|NDUFA1|NDUFB1|NDUFB2,-5
hits_SUB3_MCODE_3,GO Biological Processes,19,GO:0009199,ribonucleoside triphosphate metabolic process,-7.4,71,17,24155,341,4,4,1e+02,22,4537|4694|4707|4708,ND3|NDUFA1|NDUFB1|NDUFB2,-5
hits_SUB3_MCODE_3,GO Biological Processes,19,GO:0009126,purine nucleoside monophosphate metabolic process,-7.4,71,17,24155,342,4,4,1e+02,22,4537|4694|4707|4708,ND3|NDUFA1|NDUFB1|NDUFB2,-5
hits_SUB3_MCODE_3,GO Biological Processes,19,GO:0009144,purine nucleoside triphosphate metabolic process,-7.4,71,17,24155,342,4,4,1e+02,22,4537|4694|4707|4708,ND3|NDUFA1|NDUFB1|NDUFB2,-5
hits_SUB3_MCODE_3,GO Biological Processes,19,GO:0009161,ribonucleoside monophosphate metabolic process,-7.3,68,16,24155,355,4,4,1e+02,22,4537|4694|4707|4708,ND3|NDUFA1|NDUFB1|NDUFB2,-4.9
hits_SUB3_MCODE_3,GO Biological Processes,19,GO:0009141,nucleoside triphosphate metabolic process,-7.3,67,16,24155,362,4,4,1e+02,22,4537|4694|4707|4708,ND3|NDUFA1|NDUFB1|NDUFB2,-4.9
hits_SUB3_MCODE_3,GO Biological Processes,19,GO:0009123,nucleoside monophosphate metabolic process,-7.2,64,16,24155,376,4,4,1e+02,22,4537|4694|4707|4708,ND3|NDUFA1|NDUFB1|NDUFB2,-4.9
hits_SUB3_MCODE_3,GO Biological Processes,19,GO:0006091,generation of precursor metabolites and energy,-6.7,46,13,24155,526,4,4,1e+02,22,4537|4694|4707|4708,ND3|NDUFA1|NDUFB1|NDUFB2,-4.4
hits_SUB3_MCODE_3,GO Biological Processes,19,GO:0007005,mitochondrion organization,-6.6,45,13,24155,531,4,4,1e+02,22,4537|4694|4707|4708,ND3|NDUFA1|NDUFB1|NDUFB2,-4.4
hits_SUB3_MCODE_3,GO Biological Processes,19,GO:0009150,purine ribonucleotide metabolic process,-6.6,44,13,24155,543,4,4,1e+02,22,4537|4694|4707|4708,ND3|NDUFA1|NDUFB1|NDUFB2,-4.3
hits_SUB3_MCODE_3,GO Biological Processes,19,GO:0009259,ribonucleotide metabolic process,-6.6,43,13,24155,558,4,4,1e+02,22,4537|4694|4707|4708,ND3|NDUFA1|NDUFB1|NDUFB2,-4.3
hits_SUB3_MCODE_3,GO Biological Processes,19,GO:0006163,purine nucleotide metabolic process,-6.5,42,13,24155,576,4,4,1e+02,22,4537|4694|4707|4708,ND3|NDUFA1|NDUFB1|NDUFB2,-4.2
hits_SUB3_MCODE_3,GO Biological Processes,19,GO:0019693,ribose phosphate metabolic process,-6.5,42,13,24155,578,4,4,1e+02,22,4537|4694|4707|4708,ND3|NDUFA1|NDUFB1|NDUFB2,-4.2
hits_SUB3_MCODE_3,GO Biological Processes,19,GO:0072521,purine-containing compound metabolic process,-6.4,39,12,24155,613,4,4,1e+02,22,4537|4694|4707|4708,ND3|NDUFA1|NDUFB1|NDUFB2,-4.2
hits_SUB3_MCODE_3,GO Biological Processes,19,GO:0009117,nucleotide metabolic process,-6.1,34,11,24155,710,4,4,1e+02,22,4537|4694|4707|4708,ND3|NDUFA1|NDUFB1|NDUFB2,-4
hits_SUB3_MCODE_3,GO Biological Processes,19,GO:0006753,nucleoside phosphate metabolic process,-6.1,34,11,24155,717,4,4,1e+02,22,4537|4694|4707|4708,ND3|NDUFA1|NDUFB1|NDUFB2,-4
hits_SUB3_MCODE_3,KEGG Pathway,24,hsa04932,Non-alcoholic fatty liver disease (NAFLD),-6,1.2e+02,19,24155,149,4,3,75,22,4694|4707|4708,NDUFA1|NDUFB1|NDUFB2,-3.9
hits_SUB3_MCODE_3,KEGG Pathway,24,hsa05010,Alzheimer's disease,-5.9,1.1e+02,18,24155,171,4,3,75,22,4694|4707|4708,NDUFA1|NDUFB1|NDUFB2,-3.8
hits_SUB3_MCODE_3,KEGG Pathway,24,hsa05016,Huntington's disease,-5.7,94,17,24155,193,4,3,75,22,4694|4707|4708,NDUFA1|NDUFB1|NDUFB2,-3.6
