Network,Annotation
hits,GO:0071222|cellular response to lipopolysaccharide|-9.1;GO:0071219|cellular response to molecule of bacterial origin|-8.9;hsa04657|IL-17 signaling pathway|-8.8
hits_MCODE_ALL,"hsa04668|TNF signaling pathway|-8.0;CORUM:178|Respiratory chain complex I (holoenzyme), mitochondrial|-7.6;hsa05134|Legionellosis|-7.3"
hits_SUB1_MCODE_1,hsa04668|TNF signaling pathway|-11.0;hsa04621|NOD-like receptor signaling pathway|-10.0;hsa05134|Legionellosis|-9.4
hits_SUB1_MCODE_2,"CORUM:306|Ribosome, cytoplasmic|-10.0;R-HSA-192823|Viral mRNA Translation|-9.8;R-HSA-156902|Peptide chain elongation|-9.8"
hits_SUB3_MCODE_3,"CORUM:178|Respiratory chain complex I (holoenzyme), mitochondrial|-11.0;R-HSA-6799198|Complex I biogenesis|-10.6;GO:0006120|mitochondrial electron transport, NADH to ubiquinone|-10.6"
