Cluster,Gene,Score,Type,Symbol,Network
2,6231,1.5,Clustered,RPS26,hits_SUB1
2,6232,1.5,Clustered,RPS27,hits_SUB1
2,6227,1.5,Clustered,RPS21,hits_SUB1
2,6170,1.5,Seed,RPL39,hits_SUB1
1,330,1.1666666666666667,Clustered,BIRC3,hits_SUB1
1,7124,1.1666666666666667,Clustered,TNF,hits_SUB1
1,4792,1.1666666666666667,Seed,NFKBIA,hits_SUB1
1,3175,1.1666666666666667,Clustered,ONECUT1,hits_SUB1
1,2921,1.1666666666666667,Clustered,CXCL3,hits_SUB1
1,2919,1.1666666666666667,Clustered,CXCL1,hits_SUB1
3,4694,1.5,Clustered,NDUFA1,hits_SUB3
3,4707,1.5,Clustered,NDUFB1,hits_SUB3
3,4708,1.5,Clustered,NDUFB2,hits_SUB3
3,4537,1.5,Seed,ND3,hits_SUB3
4,163050,1.0,Clustered,ZNF564,hits_SUB4
4,57547,1.0,Clustered,ZNF624,hits_SUB4
4,162967,1.0,Seed,ZNF320,hits_SUB4
