Category,CategoryID,GO,Description,LogP,Enrichment,Z-score,#TotalGeneInLibrary,#GeneInGO,#GeneInHitList,#GeneInGOAndHitList,%InGO,STDV %InGO,GeneID,Hits,Log(q-value),GeneList
KEGG Pathway,24,hsa04668,TNF signaling pathway,-6.4,9.6,8.4,24155,108,209,9,4.3,1.4,330|602|1326|1437|2919|2920|2921|4792|7124,BIRC3|BCL3|MAP3K8|CSF2|CXCL1|CXCL2|CXCL3|NFKBIA|TNF,-2.1,hits
GO Biological Processes,19,GO:0071222,cellular response to lipopolysaccharide,-4.9,5.6,6.2,24155,205,209,10,4.8,1.5,1437|1440|2919|2920|2921|4792|5142|7124|80149|353376,CSF2|CSF3|CXCL1|CXCL2|CXCL3|NFKBIA|PDE4B|TNF|ZC3H12A|TICAM2,-1.2,hits
KEGG Pathway,24,hsa04657,IL-17 signaling pathway,-4.8,8.7,6.9,24155,93,209,7,3.3,1.2,1437|1440|2919|2920|2921|4792|7124,CSF2|CSF3|CXCL1|CXCL2|CXCL3|NFKBIA|TNF,-1.2,hits
GO Biological Processes,19,GO:0071219,cellular response to molecule of bacterial origin,-4.8,5.5,6.1,24155,212,209,10,4.8,1.5,1437|1440|2919|2920|2921|4792|5142|7124|80149|353376,CSF2|CSF3|CXCL1|CXCL2|CXCL3|NFKBIA|PDE4B|TNF|ZC3H12A|TICAM2,-1.2,hits
Reactome Gene Sets,6,R-HSA-1442490,Collagen degradation,-4.7,11,7.4,24155,64,209,6,2.9,1.2,1278|1285|1300|1301|1302|4313,COL1A2|COL4A3|COL10A1|COL11A1|COL11A2|MMP2,-1.2,hits
KEGG Pathway,24,hsa05146,Amoebiasis,-4.7,8.4,6.8,24155,96,209,7,3.3,1.2,733|1278|1285|1437|2919|5579|7124,C8G|COL1A2|COL4A3|CSF2|CXCL1|PRKCB|TNF,-1.2,hits
Reactome Gene Sets,6,R-HSA-8948216,Collagen chain trimerization,-4.4,13,7.5,24155,44,209,5,2.4,1.1,1278|1285|1300|1301|1302,COL1A2|COL4A3|COL10A1|COL11A1|COL11A2,-1.2,hits
Canonical Pathways,11,M3005,NABA COLLAGENS,-4.4,13,7.5,24155,44,209,5,2.4,1.1,1278|1285|1300|1301|1302,COL1A2|COL4A3|COL10A1|COL11A1|COL11A2,-1.2,hits
GO Biological Processes,19,GO:0061844,antimicrobial humoral immune response mediated by antimicrobial peptide,-4.4,9.5,6.8,24155,73,209,6,2.9,1.2,2919|2920|2921|6170|8343|140823,CXCL1|CXCL2|CXCL3|RPL39|H2BC7|ROMO1,-1.2,hits
GO Biological Processes,19,GO:0071216,cellular response to biotic stimulus,-4.4,4.9,5.6,24155,236,209,10,4.8,1.5,1437|1440|2919|2920|2921|4792|5142|7124|80149|353376,CSF2|CSF3|CXCL1|CXCL2|CXCL3|NFKBIA|PDE4B|TNF|ZC3H12A|TICAM2,-1.2,hits
GO Biological Processes,19,GO:0032376,positive regulation of cholesterol transport,-4.4,20,8.6,24155,23,209,4,1.9,0.95,335|4792|5244|9619,APOA1|NFKBIA|ABCB4|ABCG1,-1.2,hits
GO Biological Processes,19,GO:0032373,positive regulation of sterol transport,-4.4,20,8.6,24155,23,209,4,1.9,0.95,335|4792|5244|9619,APOA1|NFKBIA|ABCB4|ABCG1,-1.2,hits
Canonical Pathways,11,M198,PID SYNDECAN 1 PATHWAY,-4.3,13,7.3,24155,46,209,5,2.4,1.1,1278|1285|1300|1301|1302,COL1A2|COL4A3|COL10A1|COL11A1|COL11A2,-1.2,hits
Canonical Pathways,11,M160,PID AVB3 INTEGRIN PATHWAY,-4.3,9.2,6.7,24155,75,209,6,2.9,1.2,1278|1285|1300|1301|1302|10085,COL1A2|COL4A3|COL10A1|COL11A1|COL11A2|EDIL3,-1.2,hits
Canonical Pathways,11,M5883,NABA SECRETED FACTORS,-4.3,4,5.3,24155,344,209,12,5.7,1.6,1437|1440|2919|2920|2921|6277|7124|8743|8822|9068|146433|147372,CSF2|CSF3|CXCL1|CXCL2|CXCL3|S100A6|TNF|TNFSF10|FGF17|ANGPTL1|IL34|CCBE1,-1.2,hits
Reactome Gene Sets,6,R-HSA-6783783,Interleukin-10 signaling,-4.3,12,7.2,24155,47,209,5,2.4,1.1,1437|1440|2919|2920|7124,CSF2|CSF3|CXCL1|CXCL2|TNF,-1.2,hits
GO Biological Processes,19,GO:0055117,regulation of cardiac muscle contraction,-4.1,8.5,6.3,24155,82,209,6,2.9,1.2,147|487|5142|8654|80149|388591,ADRA1B|ATP2A1|PDE4B|PDE5A|ZC3H12A|RNF207,-1,hits
GO Biological Processes,19,GO:0019730,antimicrobial humoral response,-4,6.6,5.8,24155,123,209,7,3.3,1.2,602|2919|2920|2921|6170|8343|140823,BCL3|CXCL1|CXCL2|CXCL3|RPL39|H2BC7|ROMO1,-0.94,hits
KEGG Pathway,24,hsa05134,Legionellosis,-3.9,11,6.6,24155,55,209,5,2.4,1.1,2919|2920|2921|4792|7124,CXCL1|CXCL2|CXCL3|NFKBIA|TNF,-0.91,hits
KEGG Pathway,24,hsa04974,Protein digestion and absorption,-3.9,7.7,6,24155,90,209,6,2.9,1.2,1278|1285|1300|1301|1302|117247,COL1A2|COL4A3|COL10A1|COL11A1|COL11A2|SLC16A10,-0.86,hits
GO Biological Processes,19,GO:0006941,striated muscle contraction,-3.8,5.3,5.3,24155,174,209,8,3.8,1.3,147|487|3762|5142|8654|23676|80149|388591,ADRA1B|ATP2A1|KCNJ5|PDE4B|PDE5A|SMPX|ZC3H12A|RNF207,-0.85,hits
Reactome Gene Sets,6,R-HSA-3000171,Non-integrin membrane-ECM interactions,-3.8,9.8,6.3,24155,59,209,5,2.4,1.1,1278|1285|1300|1301|1302,COL1A2|COL4A3|COL10A1|COL11A1|COL11A2,-0.83,hits
KEGG Pathway,24,hsa04064,NF-kappa B signaling pathway,-3.7,7.3,5.7,24155,95,209,6,2.9,1.2,330|2920|4792|5579|7124|353376,BIRC3|CXCL2|NFKBIA|PRKCB|TNF|TICAM2,-0.8,hits
Reactome Gene Sets,6,R-HSA-2022090,Assembly of collagen fibrils and other multimeric structures,-3.7,9.5,6.2,24155,61,209,5,2.4,1.1,1278|1285|1300|1301|1302,COL1A2|COL4A3|COL10A1|COL11A1|COL11A2,-0.8,hits
GO Biological Processes,19,GO:0060048,cardiac muscle contraction,-3.7,5.9,5.4,24155,137,209,7,3.3,1.2,147|487|3762|5142|8654|80149|388591,ADRA1B|ATP2A1|KCNJ5|PDE4B|PDE5A|ZC3H12A|RNF207,-0.8,hits
GO Biological Processes,19,GO:0006942,regulation of striated muscle contraction,-3.7,7.1,5.7,24155,97,209,6,2.9,1.2,147|487|5142|8654|80149|388591,ADRA1B|ATP2A1|PDE4B|PDE5A|ZC3H12A|RNF207,-0.8,hits
GO Biological Processes,19,GO:0009214,cyclic nucleotide catabolic process,-3.7,25,8.3,24155,14,209,3,1.4,0.82,5142|8654|10846,PDE4B|PDE5A|PDE10A,-0.78,hits
Reactome Gene Sets,6,R-HSA-1650814,Collagen biosynthesis and modifying enzymes,-3.5,8.6,5.8,24155,67,209,5,2.4,1.1,1278|1285|1300|1301|1302,COL1A2|COL4A3|COL10A1|COL11A1|COL11A2,-0.68,hits
GO Biological Processes,19,GO:0030593,neutrophil chemotaxis,-3.5,6.7,5.4,24155,104,209,6,2.9,1.2,1441|2919|2920|2921|5142|23604,CSF3R|CXCL1|CXCL2|CXCL3|PDE4B|DAPK2,-0.68,hits
GO Biological Processes,19,GO:0019915,lipid storage,-3.5,8.5,5.8,24155,68,209,5,2.4,1.1,335|4792|7124|9619|80149,APOA1|NFKBIA|TNF|ABCG1|ZC3H12A,-0.67,hits
GO Biological Processes,19,GO:0010875,positive regulation of cholesterol efflux,-3.5,22,7.7,24155,16,209,3,1.4,0.82,335|4792|9619,APOA1|NFKBIA|ABCG1,-0.66,hits
GO Biological Processes,19,GO:0043062,extracellular structure organization,-3.5,3.3,4.4,24155,425,209,12,5.7,1.6,335|602|1278|1285|1300|1301|1302|1999|4313|7124|9619|55790,APOA1|BCL3|COL1A2|COL4A3|COL10A1|COL11A1|COL11A2|ELF3|MMP2|TNF|ABCG1|CSGALNACT1,-0.64,hits
GO Biological Processes,19,GO:0015850,organic hydroxy compound transport,-3.3,4,4.5,24155,263,209,9,4.3,1.4,335|4792|5244|6580|6861|9311|9619|53919|83849,APOA1|NFKBIA|ABCB4|SLC22A1|SYT5|ASIC3|ABCG1|SLCO1C1|SYT15,-0.5,hits
GO Biological Processes,19,GO:0010888,negative regulation of lipid storage,-3.3,18,7,24155,19,209,3,1.4,0.82,4792|7124|9619,NFKBIA|TNF|ABCG1,-0.5,hits
Reactome Gene Sets,6,R-HSA-3000480,Scavenging by Class A Receptors,-3.3,18,7,24155,19,209,3,1.4,0.82,335|1278|8685,APOA1|COL1A2|MARCO,-0.5,hits
KEGG Pathway,24,hsa02010,ABC transporters,-3.2,11,5.9,24155,44,209,4,1.9,0.95,368|5243|5244|9619,ABCC6|ABCB1|ABCB4|ABCG1,-0.5,hits
CORUM,33,CORUM:178,"Respiratory chain complex I (holoenzyme), mitochondrial",-3.2,11,5.9,24155,44,209,4,1.9,0.95,4537|4694|4707|4708,ND3|NDUFA1|NDUFB1|NDUFB2,-0.5,hits
GO Biological Processes,19,GO:0007249,I-kappaB kinase/NF-kappaB signaling,-3.2,3.9,4.4,24155,269,209,9,4.3,1.4,330|602|4792|5579|7124|8743|10537|80149|353376,BIRC3|BCL3|NFKBIA|PRKCB|TNF|TNFSF10|UBD|ZC3H12A|TICAM2,-0.5,hits
GO Biological Processes,19,GO:1990266,neutrophil migration,-3.2,5.8,4.9,24155,119,209,6,2.9,1.2,1441|2919|2920|2921|5142|23604,CSF3R|CXCL1|CXCL2|CXCL3|PDE4B|DAPK2,-0.5,hits
KEGG Pathway,24,hsa04060,Cytokine-cytokine receptor interaction,-3.2,3.9,4.4,24155,270,209,9,4.3,1.4,970|1437|1440|1441|2919|2920|2921|7124|8743,CD70|CSF2|CSF3|CSF3R|CXCL1|CXCL2|CXCL3|TNF|TNFSF10,-0.5,hits
GO Biological Processes,19,GO:0032496,response to lipopolysaccharide,-3.2,3.5,4.3,24155,330,209,10,4.8,1.5,1437|1440|2919|2920|2921|4792|5142|7124|80149|353376,CSF2|CSF3|CXCL1|CXCL2|CXCL3|NFKBIA|PDE4B|TNF|ZC3H12A|TICAM2,-0.49,hits
GO Biological Processes,19,GO:0010883,regulation of lipid storage,-3.2,10,5.7,24155,46,209,4,1.9,0.95,4792|7124|9619|80149,NFKBIA|TNF|ABCG1|ZC3H12A,-0.48,hits
KEGG Pathway,24,hsa05200,Pathways in cancer,-3.2,3.2,4.2,24155,395,209,11,5.3,1.5,330|1285|1441|1496|4313|4792|5579|8643|8822|8900|23604,BIRC3|COL4A3|CSF3R|CTNNA2|MMP2|NFKBIA|PRKCB|PTCH2|FGF17|CCNA1|DAPK2,-0.47,hits
GO Biological Processes,19,GO:0071621,granulocyte chemotaxis,-3.1,5.6,4.8,24155,123,209,6,2.9,1.2,1441|2919|2920|2921|5142|23604,CSF3R|CXCL1|CXCL2|CXCL3|PDE4B|DAPK2,-0.47,hits
GO Biological Processes,19,GO:1905954,positive regulation of lipid localization,-3.1,7,5.1,24155,82,209,5,2.4,1.1,335|4792|5244|9619|80149,APOA1|NFKBIA|ABCB4|ABCG1|ZC3H12A,-0.47,hits
GO Biological Processes,19,GO:0006937,regulation of muscle contraction,-3.1,4.7,4.6,24155,171,209,7,3.3,1.2,147|487|5142|8654|80149|126393|388591,ADRA1B|ATP2A1|PDE4B|PDE5A|ZC3H12A|HSPB6|RNF207,-0.47,hits
GO Biological Processes,19,GO:0002237,response to molecule of bacterial origin,-3.1,3.4,4.1,24155,343,209,10,4.8,1.5,1437|1440|2919|2920|2921|4792|5142|7124|80149|353376,CSF2|CSF3|CXCL1|CXCL2|CXCL3|NFKBIA|PDE4B|TNF|ZC3H12A|TICAM2,-0.42,hits
Canonical Pathways,11,M5885,NABA MATRISOME ASSOCIATED,-3,2.5,3.8,24155,753,209,16,7.7,1.8,1437|1440|2919|2920|2921|4313|5016|6277|7124|8743|8822|9068|56920|146433|147372|165530,CSF2|CSF3|CXCL1|CXCL2|CXCL3|MMP2|OVGP1|S100A6|TNF|TNFSF10|FGF17|ANGPTL1|SEMA3G|IL34|CCBE1|CLEC4F,-0.41,hits
KEGG Pathway,24,hsa05132,Salmonella infection,-3,6.7,5,24155,86,209,5,2.4,1.1,1437|2919|2920|2921|79659,CSF2|CXCL1|CXCL2|CXCL3|DYNC2H1,-0.41,hits
KEGG Pathway,24,hsa00190,Oxidative phosphorylation,-3,5.2,4.6,24155,133,209,6,2.9,1.2,4537|4694|4707|4708|27089|64077,ND3|NDUFA1|NDUFB1|NDUFB2|UQCRQ|LHPP,-0.35,hits
Reactome Gene Sets,6,R-HSA-1474290,Collagen formation,-3,6.4,4.8,24155,90,209,5,2.4,1.1,1278|1285|1300|1301|1302,COL1A2|COL4A3|COL10A1|COL11A1|COL11A2,-0.34,hits
KEGG Pathway,24,hsa05032,Morphine addiction,-2.9,6.4,4.8,24155,91,209,5,2.4,1.1,3762|5139|5142|5579|10846,KCNJ5|PDE3A|PDE4B|PRKCB|PDE10A,-0.34,hits
GO Biological Processes,19,GO:0006959,humoral immune response,-2.9,3.2,4,24155,358,209,10,4.8,1.5,602|733|2919|2920|2921|6170|7124|7784|8343|140823,BCL3|C8G|CXCL1|CXCL2|CXCL3|RPL39|TNF|ZP3|H2BC7|ROMO1,-0.34,hits
GO Biological Processes,19,GO:0006120,"mitochondrial electron transport, NADH to ubiquinone",-2.9,8.4,5.1,24155,55,209,4,1.9,0.95,4537|4694|4707|4708,ND3|NDUFA1|NDUFB1|NDUFB2,-0.3,hits
Reactome Gene Sets,6,R-HSA-6799198,Complex I biogenesis,-2.9,8.4,5.1,24155,55,209,4,1.9,0.95,4537|4694|4707|4708,ND3|NDUFA1|NDUFB1|NDUFB2,-0.3,hits
Reactome Gene Sets,6,R-HSA-1474228,Degradation of the extracellular matrix,-2.9,5,4.4,24155,140,209,6,2.9,1.2,1278|1285|1300|1301|1302|4313,COL1A2|COL4A3|COL10A1|COL11A1|COL11A2|MMP2,-0.28,hits
GO Biological Processes,19,GO:0030198,extracellular matrix organization,-2.8,3.1,3.8,24155,370,209,10,4.8,1.5,602|1278|1285|1300|1301|1302|1999|4313|7124|55790,BCL3|COL1A2|COL4A3|COL10A1|COL11A1|COL11A2|ELF3|MMP2|TNF|CSGALNACT1,-0.27,hits
GO Biological Processes,19,GO:0097530,granulocyte migration,-2.8,4.9,4.3,24155,142,209,6,2.9,1.2,1441|2919|2920|2921|5142|23604,CSF3R|CXCL1|CXCL2|CXCL3|PDE4B|DAPK2,-0.27,hits
KEGG Pathway,24,hsa04640,Hematopoietic cell lineage,-2.8,6,4.6,24155,97,209,5,2.4,1.1,1437|1440|1441|2812|7124,CSF2|CSF3|CSF3R|GP1BB|TNF,-0.27,hits
GO Biological Processes,19,GO:0042775,mitochondrial ATP synthesis coupled electron transport,-2.8,6,4.6,24155,97,209,5,2.4,1.1,4537|4694|4707|4708|27089,ND3|NDUFA1|NDUFB1|NDUFB2|UQCRQ,-0.27,hits
Reactome Gene Sets,6,R-HSA-5357769,Caspase activation via extrinsic apoptotic signalling pathway,-2.8,13,5.8,24155,27,209,3,1.4,0.82,8743|23604|353376,TNFSF10|DAPK2|TICAM2,-0.27,hits
GO Biological Processes,19,GO:0042773,ATP synthesis coupled electron transport,-2.8,5.9,4.5,24155,98,209,5,2.4,1.1,4537|4694|4707|4708|27089,ND3|NDUFA1|NDUFB1|NDUFB2|UQCRQ,-0.27,hits
GO Biological Processes,19,GO:0045637,regulation of myeloid cell differentiation,-2.8,3.7,4,24155,252,209,8,3.8,1.3,1437|1440|1441|4792|5579|7124|9398|146433,CSF2|CSF3|CSF3R|NFKBIA|PRKCB|TNF|CD101|IL34,-0.27,hits
GO Biological Processes,19,GO:0019221,cytokine-mediated signaling pathway,-2.8,2.3,3.5,24155,798,209,16,7.7,1.8,330|335|970|1278|1326|1437|1440|1441|2919|2920|2921|4313|4792|7124|146433|353376,BIRC3|APOA1|CD70|COL1A2|MAP3K8|CSF2|CSF3|CSF3R|CXCL1|CXCL2|CXCL3|MMP2|NFKBIA|TNF|IL34|TICAM2,-0.27,hits
KEGG Pathway,24,hsa04933,AGE-RAGE signaling pathway in diabetic complications,-2.8,5.8,4.5,24155,99,209,5,2.4,1.1,1278|1285|4313|5579|7124,COL1A2|COL4A3|MMP2|PRKCB|TNF,-0.26,hits
Reactome Gene Sets,6,R-HSA-611105,Respiratory electron transport,-2.7,5.7,4.4,24155,101,209,5,2.4,1.1,4537|4694|4707|4708|27089,ND3|NDUFA1|NDUFB1|NDUFB2|UQCRQ,-0.24,hits
GO Biological Processes,19,GO:0032649,regulation of interferon-gamma production,-2.7,5.7,4.4,24155,101,209,5,2.4,1.1,602|5142|7124|7784|80149,BCL3|PDE4B|TNF|ZP3|ZC3H12A,-0.24,hits
GO Biological Processes,19,GO:0032370,positive regulation of lipid transport,-2.7,7.6,4.8,24155,61,209,4,1.9,0.95,335|4792|5244|9619,APOA1|NFKBIA|ABCB4|ABCG1,-0.23,hits
Canonical Pathways,11,M18030,ST TUMOR NECROSIS FACTOR PATHWAY,-2.7,12,5.5,24155,29,209,3,1.4,0.82,330|4792|7124,BIRC3|NFKBIA|TNF,-0.23,hits
Reactome Gene Sets,6,R-HSA-382556,ABC-family proteins mediated transport,-2.7,5.6,4.4,24155,103,209,5,2.4,1.1,335|368|5243|5244|9619,APOA1|ABCC6|ABCB1|ABCB4|ABCG1,-0.22,hits
GO Biological Processes,19,GO:0032371,regulation of sterol transport,-2.7,7.3,4.7,24155,63,209,4,1.9,0.95,335|4792|5244|9619,APOA1|NFKBIA|ABCB4|ABCG1,-0.22,hits
GO Biological Processes,19,GO:0032374,regulation of cholesterol transport,-2.7,7.3,4.7,24155,63,209,4,1.9,0.95,335|4792|5244|9619,APOA1|NFKBIA|ABCB4|ABCG1,-0.22,hits
GO Biological Processes,19,GO:0045940,positive regulation of steroid metabolic process,-2.7,12,5.4,24155,30,209,3,1.4,0.82,335|7124|9619,APOA1|TNF|ABCG1,-0.22,hits
GO Biological Processes,19,GO:0010743,regulation of macrophage derived foam cell differentiation,-2.7,12,5.4,24155,30,209,3,1.4,0.82,1437|4792|9619,CSF2|NFKBIA|ABCG1,-0.22,hits
Reactome Gene Sets,6,R-HSA-8874081,MET activates PTK2 signaling,-2.7,12,5.4,24155,30,209,3,1.4,0.82,1278|1301|1302,COL1A2|COL11A1|COL11A2,-0.22,hits
GO Biological Processes,19,GO:0010257,NADH dehydrogenase complex assembly,-2.6,7.2,4.7,24155,64,209,4,1.9,0.95,4537|4694|4707|4708,ND3|NDUFA1|NDUFB1|NDUFB2,-0.21,hits
GO Biological Processes,19,GO:0032981,mitochondrial respiratory chain complex I assembly,-2.6,7.2,4.7,24155,64,209,4,1.9,0.95,4537|4694|4707|4708,ND3|NDUFA1|NDUFB1|NDUFB2,-0.21,hits
GO Biological Processes,19,GO:0090075,relaxation of muscle,-2.6,11,5.3,24155,31,209,3,1.4,0.82,487|5142|8654,ATP2A1|PDE4B|PDE5A,-0.19,hits
GO Biological Processes,19,GO:0032729,positive regulation of interferon-gamma production,-2.6,7.1,4.6,24155,65,209,4,1.9,0.95,602|5142|7124|7784,BCL3|PDE4B|TNF|ZP3,-0.19,hits
GO Biological Processes,19,GO:1905952,regulation of lipid localization,-2.6,4.4,4,24155,157,209,6,2.9,1.2,335|4792|5244|7124|9619|80149,APOA1|NFKBIA|ABCB4|TNF|ABCG1|ZC3H12A,-0.19,hits
Canonical Pathways,11,M18,PID INTEGRIN1 PATHWAY,-2.6,7,4.6,24155,66,209,4,1.9,0.95,1278|1285|1301|1302,COL1A2|COL4A3|COL11A1|COL11A2,-0.18,hits
GO Biological Processes,19,GO:0009154,purine ribonucleotide catabolic process,-2.6,11,5.2,24155,32,209,3,1.4,0.82,5142|8654|10846,PDE4B|PDE5A|PDE10A,-0.18,hits
GO Biological Processes,19,GO:0008015,blood circulation,-2.6,2.6,3.4,24155,541,209,12,5.7,1.6,147|487|1278|1285|2028|3274|3762|5139|5142|8654|80149|388591,ADRA1B|ATP2A1|COL1A2|COL4A3|ENPEP|HRH2|KCNJ5|PDE3A|PDE4B|PDE5A|ZC3H12A|RNF207,-0.17,hits
Canonical Pathways,11,M5884,NABA CORE MATRISOME,-2.6,3.4,3.7,24155,275,209,8,3.8,1.3,1278|1285|1300|1301|1302|7784|10085|285313,COL1A2|COL4A3|COL10A1|COL11A1|COL11A2|ZP3|EDIL3|IGSF10,-0.17,hits
CORUM,33,CORUM:305,"40S ribosomal subunit, cytoplasmic",-2.5,11,5.1,24155,33,209,3,1.4,0.82,6227|6231|6232,RPS21|RPS26|RPS27,-0.17,hits
GO Biological Processes,19,GO:0048536,spleen development,-2.5,11,5.1,24155,33,209,3,1.4,0.82,579|602|3175,NKX3-2|BCL3|ONECUT1,-0.17,hits
GO Biological Processes,19,GO:0009261,ribonucleotide catabolic process,-2.5,11,5.1,24155,33,209,3,1.4,0.82,5142|8654|10846,PDE4B|PDE5A|PDE10A,-0.17,hits
GO Biological Processes,19,GO:0071230,cellular response to amino acid stimulus,-2.5,6.8,4.5,24155,68,209,4,1.9,0.95,1278|4313|7124|158376,COL1A2|MMP2|TNF|SPAAR,-0.17,hits
GO Biological Processes,19,GO:0017158,regulation of calcium ion-dependent exocytosis,-2.5,5.2,4.1,24155,112,209,5,2.4,1.1,5579|6861|7784|10814|83849,PRKCB|SYT5|ZP3|CPLX2|SYT15,-0.16,hits
GO Biological Processes,19,GO:0086003,cardiac muscle cell contraction,-2.5,6.7,4.4,24155,69,209,4,1.9,0.95,487|3762|5142|388591,ATP2A1|KCNJ5|PDE4B|RNF207,-0.16,hits
GO Biological Processes,19,GO:0032609,interferon-gamma production,-2.5,5.1,4.1,24155,113,209,5,2.4,1.1,602|5142|7124|7784|80149,BCL3|PDE4B|TNF|ZP3|ZC3H12A,-0.16,hits
GO Biological Processes,19,GO:0043200,response to amino acid,-2.5,5.1,4.1,24155,113,209,5,2.4,1.1,1278|2743|4313|7124|158376,COL1A2|GLRB|MMP2|TNF|SPAAR,-0.16,hits
GO Biological Processes,19,GO:0050954,sensory perception of mechanical stimulus,-2.5,4.2,3.9,24155,165,209,6,2.9,1.2,1285|1301|1302|9311|64699|283310,COL4A3|COL11A1|COL11A2|ASIC3|TMPRSS3|OTOGL,-0.15,hits
GO Biological Processes,19,GO:0003013,circulatory system process,-2.5,2.5,3.4,24155,551,209,12,5.7,1.6,147|487|1278|1285|2028|3274|3762|5139|5142|8654|80149|388591,ADRA1B|ATP2A1|COL1A2|COL4A3|ENPEP|HRH2|KCNJ5|PDE3A|PDE4B|PDE5A|ZC3H12A|RNF207,-0.15,hits
GO Biological Processes,19,GO:0009617,response to bacterium,-2.5,2.3,3.3,24155,702,209,14,6.7,1.7,602|1437|1440|2919|2920|2921|4792|5142|6170|7124|8343|80149|140823|353376,BCL3|CSF2|CSF3|CXCL1|CXCL2|CXCL3|NFKBIA|PDE4B|RPL39|TNF|H2BC7|ZC3H12A|ROMO1|TICAM2,-0.14,hits
KEGG Pathway,24,hsa05143,African trypanosomiasis,-2.5,9.9,4.9,24155,35,209,3,1.4,0.82,335|5579|7124,APOA1|PRKCB|TNF,-0.14,hits
Canonical Pathways,11,M197,PID HIV NEF PATHWAY,-2.5,9.9,4.9,24155,35,209,3,1.4,0.82,330|4792|7124,BIRC3|NFKBIA|TNF,-0.14,hits
GO Biological Processes,19,GO:0022904,respiratory electron transport chain,-2.5,4.9,4,24155,117,209,5,2.4,1.1,4537|4694|4707|4708|27089,ND3|NDUFA1|NDUFB1|NDUFB2|UQCRQ,-0.13,hits
Reactome Gene Sets,6,R-HSA-449147,Signaling by Interleukins,-2.4,2.4,3.3,24155,634,209,13,6.2,1.7,1278|1326|1437|1440|1441|2674|2919|2920|4313|4792|7124|8822|146433,COL1A2|MAP3K8|CSF2|CSF3|CSF3R|GFRA1|CXCL1|CXCL2|MMP2|NFKBIA|TNF|FGF17|IL34,-0.13,hits
GO Biological Processes,19,GO:0010742,macrophage derived foam cell differentiation,-2.4,9.6,4.8,24155,36,209,3,1.4,0.82,1437|4792|9619,CSF2|NFKBIA|ABCG1,-0.13,hits
GO Biological Processes,19,GO:0002385,mucosal immune response,-2.4,9.6,4.8,24155,36,209,3,1.4,0.82,6170|8343|100141515,RPL39|H2BC7|C17orf99,-0.13,hits
GO Biological Processes,19,GO:0090077,foam cell differentiation,-2.4,9.6,4.8,24155,36,209,3,1.4,0.82,1437|4792|9619,CSF2|NFKBIA|ABCG1,-0.13,hits
KEGG Pathway,24,hsa04621,NOD-like receptor signaling pathway,-2.4,4.1,3.8,24155,170,209,6,2.9,1.2,330|2919|2920|2921|4792|7124,BIRC3|CXCL1|CXCL2|CXCL3|NFKBIA|TNF,-0.13,hits
GO Biological Processes,19,GO:1903524,positive regulation of blood circulation,-2.4,6.3,4.3,24155,73,209,4,1.9,0.95,147|487|3274|388591,ADRA1B|ATP2A1|HRH2|RNF207,-0.13,hits
KEGG Pathway,24,hsa05010,Alzheimer's disease,-2.4,4.1,3.7,24155,171,209,6,2.9,1.2,487|4694|4707|4708|7124|27089,ATP2A1|NDUFA1|NDUFB1|NDUFB2|TNF|UQCRQ,-0.12,hits
Canonical Pathways,11,M196,PID IL23 PATHWAY,-2.4,9.4,4.8,24155,37,209,3,1.4,0.82,2919|4792|7124,CXCL1|NFKBIA|TNF,-0.11,hits
GO Biological Processes,19,GO:0015914,phospholipid transport,-2.4,6.2,4.2,24155,75,209,4,1.9,0.95,335|5243|5244|9619,APOA1|ABCB1|ABCB4|ABCG1,-0.099,hits
GO Biological Processes,19,GO:0006936,muscle contraction,-2.4,2.9,3.4,24155,360,209,9,4.3,1.4,147|487|3762|5142|8654|23676|80149|126393|388591,ADRA1B|ATP2A1|KCNJ5|PDE4B|PDE5A|SMPX|ZC3H12A|HSPB6|RNF207,-0.087,hits
GO Biological Processes,19,GO:1902117,positive regulation of organelle assembly,-2.4,6.1,4.1,24155,76,209,4,1.9,0.95,1437|7124|9924|51364,CSF2|TNF|PAN2|ZMYND10,-0.087,hits
Reactome Gene Sets,6,R-HSA-163200,"Respiratory electron transport, ATP synthesis by chemiosmotic coupling, and heat production by uncou",-2.3,4.7,3.8,24155,124,209,5,2.4,1.1,4537|4694|4707|4708|27089,ND3|NDUFA1|NDUFB1|NDUFB2|UQCRQ,-0.073,hits
GO Biological Processes,19,GO:1903522,regulation of blood circulation,-2.3,3.1,3.4,24155,298,209,8,3.8,1.3,147|487|3274|3762|5142|8654|80149|388591,ADRA1B|ATP2A1|HRH2|KCNJ5|PDE4B|PDE5A|ZC3H12A|RNF207,-0.073,hits
GO Biological Processes,19,GO:0002251,organ or tissue specific immune response,-2.3,8.9,4.6,24155,39,209,3,1.4,0.82,6170|8343|100141515,RPL39|H2BC7|C17orf99,-0.073,hits
GO Biological Processes,19,GO:0010874,regulation of cholesterol efflux,-2.3,8.9,4.6,24155,39,209,3,1.4,0.82,335|4792|9619,APOA1|NFKBIA|ABCG1,-0.073,hits
GO Biological Processes,19,GO:0045684,positive regulation of epidermis development,-2.3,8.9,4.6,24155,39,209,3,1.4,0.82,3858|7124|8643,KRT10|TNF|PTCH2,-0.073,hits
GO Biological Processes,19,GO:0043122,regulation of I-kappaB kinase/NF-kappaB signaling,-2.3,3.4,3.5,24155,237,209,7,3.3,1.2,330|5579|7124|8743|10537|80149|353376,BIRC3|PRKCB|TNF|TNFSF10|UBD|ZC3H12A|TICAM2,-0.071,hits
GO Biological Processes,19,GO:0009187,cyclic nucleotide metabolic process,-2.3,8.7,4.5,24155,40,209,3,1.4,0.82,5142|8654|10846,PDE4B|PDE5A|PDE10A,-0.053,hits
GO Biological Processes,19,GO:0019835,cytolysis,-2.3,8.7,4.5,24155,40,209,3,1.4,0.82,733|1437|140823,C8G|CSF2|ROMO1,-0.053,hits
CORUM,33,CORUM:306,"Ribosome, cytoplasmic",-2.3,5.8,4,24155,80,209,4,1.9,0.95,6170|6227|6231|6232,RPL39|RPS21|RPS26|RPS27,-0.042,hits
GO Biological Processes,19,GO:0043123,positive regulation of I-kappaB kinase/NF-kappaB signaling,-2.3,3.8,3.5,24155,183,209,6,2.9,1.2,330|5579|7124|8743|10537|353376,BIRC3|PRKCB|TNF|TNFSF10|UBD|TICAM2,-0.034,hits
Reactome Gene Sets,6,R-HSA-8875878,MET promotes cell motility,-2.3,8.5,4.5,24155,41,209,3,1.4,0.82,1278|1301|1302,COL1A2|COL11A1|COL11A2,-0.034,hits
GO Biological Processes,19,GO:0002521,leukocyte differentiation,-2.3,2.5,3.1,24155,516,209,11,5.3,1.5,602|1437|1440|3175|7124|9398|10537|64332|80149|146433|100141515,BCL3|CSF2|CSF3|ONECUT1|TNF|CD101|UBD|NFKBIZ|ZC3H12A|IL34|C17orf99,-0.024,hits
Reactome Gene Sets,6,R-HSA-2173782,Binding and Uptake of Ligands by Scavenger Receptors,-2.2,8.3,4.4,24155,42,209,3,1.4,0.82,335|1278|8685,APOA1|COL1A2|MARCO,-0.015,hits
GO Biological Processes,19,GO:0022900,electron transport chain,-2.2,3.7,3.5,24155,186,209,6,2.9,1.2,4537|4694|4707|4708|27089|56964,ND3|NDUFA1|NDUFB1|NDUFB2|UQCRQ|WDR93,-0.015,hits
GO Biological Processes,19,GO:0019933,cAMP-mediated signaling,-2.2,3.7,3.5,24155,188,209,6,2.9,1.2,147|5139|10267|10846|83873|347088,ADRA1B|PDE3A|RAMP1|PDE10A|GPR61|ADGRD2,-0.0024,hits
GO Biological Processes,19,GO:0086004,regulation of cardiac muscle cell contraction,-2.2,8.1,4.3,24155,43,209,3,1.4,0.82,487|5142|388591,ATP2A1|PDE4B|RNF207,-0.0024,hits
Canonical Pathways,11,M53,PID INTEGRIN3 PATHWAY,-2.2,8.1,4.3,24155,43,209,3,1.4,0.82,1278|1285|10085,COL1A2|COL4A3|EDIL3,-0.0024,hits
GO Biological Processes,19,GO:0006970,response to osmotic stress,-2.2,5.5,3.9,24155,84,209,4,1.9,0.95,5243|7124|80303|91862,ABCB1|TNF|EFHD1|MARVELD3,-0.0024,hits
GO Biological Processes,19,GO:0046889,positive regulation of lipid biosynthetic process,-2.2,5.5,3.9,24155,84,209,4,1.9,0.95,335|7124|7784|9619,APOA1|TNF|ZP3|ABCG1,-0.0024,hits
GO Biological Processes,19,GO:0070266,necroptotic process,-2.2,7.9,4.3,24155,44,209,3,1.4,0.82,330|7124|353376,BIRC3|TNF|TICAM2,0,hits
GO Biological Processes,19,GO:0008016,regulation of heart contraction,-2.2,3.2,3.3,24155,252,209,7,3.3,1.2,147|487|3762|5142|8654|80149|388591,ADRA1B|ATP2A1|KCNJ5|PDE4B|PDE5A|ZC3H12A|RNF207,0,hits
GO Biological Processes,19,GO:0006919,activation of cysteine-type endopeptidase activity involved in apoptotic process,-2.2,5.4,3.8,24155,86,209,4,1.9,0.95,1285|3336|7124|8743,COL4A3|HSPE1|TNF|TNFSF10,0,hits
GO Biological Processes,19,GO:0006195,purine nucleotide catabolic process,-2.2,7.7,4.2,24155,45,209,3,1.4,0.82,5142|8654|10846,PDE4B|PDE5A|PDE10A,0,hits
GO Biological Processes,19,GO:0032970,regulation of actin filament-based process,-2.2,2.7,3.1,24155,389,209,9,4.3,1.4,335|487|1440|1496|5142|10677|148170|163782|388591,APOA1|ATP2A1|CSF3|CTNNA2|PDE4B|AVIL|CDC42EP5|KANK4|RNF207,0,hits
GO Biological Processes,19,GO:0071396,cellular response to lipid,-2.1,2.3,3,24155,610,209,12,5.7,1.6,1437|1440|2919|2920|2921|4537|4792|5142|5244|7124|80149|353376,CSF2|CSF3|CXCL1|CXCL2|CXCL3|ND3|NFKBIA|PDE4B|ABCB4|TNF|ZC3H12A|TICAM2,0,hits
GO Biological Processes,19,GO:0048599,oocyte development,-2.1,7.5,4.1,24155,46,209,3,1.4,0.82,5139|7784|8654,PDE3A|ZP3|PDE5A,0,hits
Reactome Gene Sets,6,R-HSA-192823,Viral mRNA Translation,-2.1,5.2,3.7,24155,89,209,4,1.9,0.95,6170|6227|6231|6232,RPL39|RPS21|RPS26|RPS27,0,hits
Reactome Gene Sets,6,R-HSA-156902,Peptide chain elongation,-2.1,5.2,3.7,24155,89,209,4,1.9,0.95,6170|6227|6231|6232,RPL39|RPS21|RPS26|RPS27,0,hits
GO Biological Processes,19,GO:0090257,regulation of muscle system process,-2.1,3.1,3.2,24155,259,209,7,3.3,1.2,147|487|5142|8654|80149|126393|388591,ADRA1B|ATP2A1|PDE4B|PDE5A|ZC3H12A|HSPB6|RNF207,0,hits
Reactome Gene Sets,6,R-HSA-73887,Death Receptor Signalling,-2.1,4.1,3.4,24155,141,209,5,2.4,1.1,330|4792|7124|8743|100271715,BIRC3|NFKBIA|TNF|TNFSF10|ARHGEF33,0,hits
Canonical Pathways,11,M60,PID NFAT TFPATHWAY,-2.1,7.4,4.1,24155,47,209,3,1.4,0.82,1437|7124|79589,CSF2|TNF|RNF128,0,hits
GO Biological Processes,19,GO:1903115,regulation of actin filament-based movement,-2.1,7.4,4.1,24155,47,209,3,1.4,0.82,487|5142|388591,ATP2A1|PDE4B|RNF207,0,hits
KEGG Pathway,24,hsa05012,Parkinson's disease,-2.1,4.1,3.4,24155,142,209,5,2.4,1.1,4537|4694|4707|4708|27089,ND3|NDUFA1|NDUFB1|NDUFB2|UQCRQ,0,hits
Reactome Gene Sets,6,R-HSA-380108,Chemokine receptors bind chemokines,-2.1,7.2,4,24155,48,209,3,1.4,0.82,2919|2920|2921,CXCL1|CXCL2|CXCL3,0,hits
Canonical Pathways,11,M144,PID CERAMIDE PATHWAY,-2.1,7.2,4,24155,48,209,3,1.4,0.82,330|4792|7124,BIRC3|NFKBIA|TNF,0,hits
GO Biological Processes,19,GO:0045933,positive regulation of muscle contraction,-2.1,7.2,4,24155,48,209,3,1.4,0.82,147|487|388591,ADRA1B|ATP2A1|RNF207,0,hits
GO Biological Processes,19,GO:0010876,lipid localization,-2.1,2.6,3,24155,400,209,9,4.3,1.4,335|4792|5243|5244|7124|9619|53919|80149|83850,APOA1|NFKBIA|ABCB1|ABCB4|TNF|ABCG1|SLCO1C1|ZC3H12A|ESYT3,0,hits
GO Biological Processes,19,GO:0045639,positive regulation of myeloid cell differentiation,-2.1,5,3.6,24155,92,209,4,1.9,0.95,1440|7124|9398|146433,CSF3|TNF|CD101|IL34,0,hits
KEGG Pathway,24,hsa05161,Hepatitis B,-2.1,4,3.4,24155,144,209,5,2.4,1.1,4792|5579|7124|8900|353376,NFKBIA|PRKCB|TNF|CCNA1|TICAM2,0,hits
Reactome Gene Sets,6,R-HSA-1474165,Reproduction,-2.1,4,3.4,24155,144,209,5,2.4,1.1,5016|7784|8337|8343|256126,OVGP1|ZP3|H2AC18|H2BC7|SYCE2,0,hits
GO Biological Processes,19,GO:0006119,oxidative phosphorylation,-2.1,4,3.4,24155,145,209,5,2.4,1.1,4537|4694|4707|4708|27089,ND3|NDUFA1|NDUFB1|NDUFB2|UQCRQ,0,hits
GO Biological Processes,19,GO:0007605,sensory perception of sound,-2.1,4,3.4,24155,145,209,5,2.4,1.1,1285|1301|1302|64699|283310,COL4A3|COL11A1|COL11A2|TMPRSS3|OTOGL,0,hits
GO Biological Processes,19,GO:0002822,regulation of adaptive immune response based on somatic recombination of immune receptors built from,-2.1,4,3.4,24155,145,209,5,2.4,1.1,7124|7784|64332|80149|100141515,TNF|ZP3|NFKBIZ|ZC3H12A|C17orf99,0,hits
Reactome Gene Sets,6,R-HSA-156842,Eukaryotic Translation Elongation,-2.1,5,3.6,24155,93,209,4,1.9,0.95,6170|6227|6231|6232,RPL39|RPS21|RPS26|RPS27,0,hits
Reactome Gene Sets,6,R-HSA-72764,Eukaryotic Translation Termination,-2.1,5,3.6,24155,93,209,4,1.9,0.95,6170|6227|6231|6232,RPL39|RPS21|RPS26|RPS27,0,hits
Reactome Gene Sets,6,R-HSA-2408557,Selenocysteine synthesis,-2.1,5,3.6,24155,93,209,4,1.9,0.95,6170|6227|6231|6232,RPL39|RPS21|RPS26|RPS27,0,hits
GO Biological Processes,19,GO:0097300,programmed necrotic cell death,-2.1,7.1,4,24155,49,209,3,1.4,0.82,330|7124|353376,BIRC3|TNF|TICAM2,0,hits
GO Biological Processes,19,GO:0007266,Rho protein signal transduction,-2.1,3.4,3.2,24155,204,209,6,2.9,1.2,335|1278|2828|54922|148170|100271715,APOA1|COL1A2|GPR4|RASIP1|CDC42EP5|ARHGEF33,0,hits
GO Biological Processes,19,GO:1903706,regulation of hemopoiesis,-2,2.4,2.9,24155,477,209,10,4.8,1.5,1437|1440|1441|4792|5579|7124|9398|64332|80149|146433,CSF2|CSF3|CSF3R|NFKBIA|PRKCB|TNF|CD101|NFKBIZ|ZC3H12A|IL34,0,hits
GO Biological Processes,19,GO:0002573,myeloid leukocyte differentiation,-2,3.4,3.2,24155,205,209,6,2.9,1.2,1437|1440|7124|9398|10537|146433,CSF2|CSF3|TNF|CD101|UBD|IL34,0,hits
GO Biological Processes,19,GO:0031334,positive regulation of protein complex assembly,-2,3,3.1,24155,269,209,7,3.3,1.2,1437|1440|1496|7124|9924|54922|148170,CSF2|CSF3|CTNNA2|TNF|PAN2|RASIP1|CDC42EP5,0,hits
Reactome Gene Sets,6,R-HSA-418594,G alpha (i) signalling events,-2,2.6,3,24155,407,209,9,4.3,1.4,335|2780|2919|2920|2921|5142|8786|10170|26575,APOA1|GNAT2|CXCL1|CXCL2|CXCL3|PDE4B|RGS11|DHRS9|RGS17,0,hits
GO Biological Processes,19,GO:1903793,positive regulation of anion transport,-2,6.9,3.9,24155,50,209,3,1.4,0.82,335|5243|5244,APOA1|ABCB1|ABCB4,0,hits
Reactome Gene Sets,6,R-HSA-975956,Nonsense Mediated Decay (NMD) independent of the Exon Junction Complex (EJC),-2,4.9,3.5,24155,95,209,4,1.9,0.95,6170|6227|6231|6232,RPL39|RPS21|RPS26|RPS27,0,hits
KEGG Pathway,24,hsa04932,Non-alcoholic fatty liver disease (NAFLD),-2,3.9,3.3,24155,149,209,5,2.4,1.1,4694|4707|4708|7124|27089,NDUFA1|NDUFB1|NDUFB2|TNF|UQCRQ,0,hits
GO Biological Processes,19,GO:0033108,mitochondrial respiratory chain complex assembly,-2,4.8,3.5,24155,96,209,4,1.9,0.95,4537|4694|4707|4708,ND3|NDUFA1|NDUFB1|NDUFB2,0,hits
GO Biological Processes,19,GO:0043949,regulation of cAMP-mediated signaling,-2,6.8,3.9,24155,51,209,3,1.4,0.82,5139|10846|83873,PDE3A|PDE10A|GPR61,0,hits
Reactome Gene Sets,6,R-HSA-72695,"Formation of the ternary complex, and subsequently, the 43S complex",-2,6.8,3.9,24155,51,209,3,1.4,0.82,6227|6231|6232,RPS21|RPS26|RPS27,0,hits
GO Biological Processes,19,GO:0009994,oocyte differentiation,-2,6.8,3.9,24155,51,209,3,1.4,0.82,5139|7784|8654,PDE3A|ZP3|PDE5A,0,hits
GO Biological Processes,19,GO:0000956,nuclear-transcribed mRNA catabolic process,-2,3.3,3.1,24155,209,209,6,2.9,1.2,6170|6227|6231|6232|9924|80149,RPL39|RPS21|RPS26|RPS27|PAN2|ZC3H12A,0,hits
GO Biological Processes,19,GO:0071229,cellular response to acid chemical,-2,3.3,3.1,24155,209,209,6,2.9,1.2,1278|4313|5244|7124|80149|158376,COL1A2|MMP2|ABCB4|TNF|ZC3H12A|SPAAR,0,hits
