,_MEMBER_hits,_LogP_hits,GO,Description,_PATTERN_,_RANK_,GiniIndex
19_GO:0071230,1,-2.5,GO:0071230,cellular response to amino acid stimulus,M1,1,0
24_hsa04668,1,-6.4,hsa04668,TNF signaling pathway,M1,1,0
19_GO:0009187,1,-2.3,GO:0009187,cyclic nucleotide metabolic process,M1,1,0
19_GO:0006119,1,-2.1,GO:0006119,oxidative phosphorylation,M1,1,0
19_GO:0009617,1,-2.5,GO:0009617,response to bacterium,M1,1,0
11_M60,1,-2.1,M60,PID NFAT TFPATHWAY,M1,1,0
6_R-HSA-156842,1,-2.1,R-HSA-156842,Eukaryotic Translation Elongation,M1,1,0
11_M196,1,-2.4,M196,PID IL23 PATHWAY,M1,1,0
19_GO:0010875,1,-3.5,GO:0010875,positive regulation of cholesterol efflux,M1,1,0
19_GO:0009994,1,-2,GO:0009994,oocyte differentiation,M1,1,0
24_hsa05132,1,-3,hsa05132,Salmonella infection,M1,1,0
6_R-HSA-1650814,1,-3.5,R-HSA-1650814,Collagen biosynthesis and modifying enzymes,M1,1,0
6_R-HSA-449147,1,-2.4,R-HSA-449147,Signaling by Interleukins,M1,1,0
24_hsa04933,1,-2.8,hsa04933,AGE-RAGE signaling pathway in diabetic complications,M1,1,0
19_GO:0032376,1,-4.4,GO:0032376,positive regulation of cholesterol transport,M1,1,0
11_M160,1,-4.3,M160,PID AVB3 INTEGRIN PATHWAY,M1,1,0
19_GO:0032649,1,-2.7,GO:0032649,regulation of interferon-gamma production,M1,1,0
24_hsa05010,1,-2.4,hsa05010,Alzheimer's disease,M1,1,0
19_GO:0043200,1,-2.5,GO:0043200,response to amino acid,M1,1,0
19_GO:0050954,1,-2.5,GO:0050954,sensory perception of mechanical stimulus,M1,1,0
19_GO:0097300,1,-2.1,GO:0097300,programmed necrotic cell death,M1,1,0
6_R-HSA-6799198,1,-2.9,R-HSA-6799198,Complex I biogenesis,M1,1,0
19_GO:0070266,1,-2.2,GO:0070266,necroptotic process,M1,1,0
19_GO:0042773,1,-2.8,GO:0042773,ATP synthesis coupled electron transport,M1,1,0
19_GO:0043123,1,-2.3,GO:0043123,positive regulation of I-kappaB kinase/NF-kappaB signaling,M1,1,0
19_GO:0048536,1,-2.5,GO:0048536,spleen development,M1,1,0
6_R-HSA-1442490,1,-4.7,R-HSA-1442490,Collagen degradation,M1,1,0
11_M5884,1,-2.6,M5884,NABA CORE MATRISOME,M1,1,0
24_hsa02010,1,-3.2,hsa02010,ABC transporters,M1,1,0
19_GO:0045637,1,-2.8,GO:0045637,regulation of myeloid cell differentiation,M1,1,0
19_GO:0006970,1,-2.2,GO:0006970,response to osmotic stress,M1,1,0
6_R-HSA-382556,1,-2.7,R-HSA-382556,ABC-family proteins mediated transport,M1,1,0
19_GO:1903793,1,-2,GO:1903793,positive regulation of anion transport,M1,1,0
19_GO:0086004,1,-2.2,GO:0086004,regulation of cardiac muscle cell contraction,M1,1,0
19_GO:0086003,1,-2.5,GO:0086003,cardiac muscle cell contraction,M1,1,0
19_GO:0002521,1,-2.3,GO:0002521,leukocyte differentiation,M1,1,0
19_GO:0033108,1,-2,GO:0033108,mitochondrial respiratory chain complex assembly,M1,1,0
19_GO:0090257,1,-2.1,GO:0090257,regulation of muscle system process,M1,1,0
11_M5883,1,-4.3,M5883,NABA SECRETED FACTORS,M1,1,0
19_GO:0032981,1,-2.6,GO:0032981,mitochondrial respiratory chain complex I assembly,M1,1,0
6_R-HSA-1474228,1,-2.9,R-HSA-1474228,Degradation of the extracellular matrix,M1,1,0
19_GO:0030593,1,-3.5,GO:0030593,neutrophil chemotaxis,M1,1,0
6_R-HSA-418594,1,-2,R-HSA-418594,G alpha (i) signalling events,M1,1,0
19_GO:0061844,1,-4.4,GO:0061844,antimicrobial humoral immune response mediated by antimicrobial peptide,M1,1,0
19_GO:0006942,1,-3.7,GO:0006942,regulation of striated muscle contraction,M1,1,0
19_GO:0006936,1,-2.4,GO:0006936,muscle contraction,M1,1,0
19_GO:0006919,1,-2.2,GO:0006919,activation of cysteine-type endopeptidase activity involved in apoptotic process,M1,1,0
19_GO:0008016,1,-2.2,GO:0008016,regulation of heart contraction,M1,1,0
19_GO:0003013,1,-2.5,GO:0003013,circulatory system process,M1,1,0
11_M18,1,-2.6,M18,PID INTEGRIN1 PATHWAY,M1,1,0
19_GO:0060048,1,-3.7,GO:0060048,cardiac muscle contraction,M1,1,0
19_GO:0007605,1,-2.1,GO:0007605,sensory perception of sound,M1,1,0
6_R-HSA-3000480,1,-3.3,R-HSA-3000480,Scavenging by Class A Receptors,M1,1,0
19_GO:0090077,1,-2.4,GO:0090077,foam cell differentiation,M1,1,0
6_R-HSA-6783783,1,-4.3,R-HSA-6783783,Interleukin-10 signaling,M1,1,0
6_R-HSA-72695,1,-2,R-HSA-72695,"Formation of the ternary complex, and subsequently, the 43S complex",M1,1,0
24_hsa04657,1,-4.8,hsa04657,IL-17 signaling pathway,M1,1,0
19_GO:0071229,1,-2,GO:0071229,cellular response to acid chemical,M1,1,0
19_GO:0046889,1,-2.2,GO:0046889,positive regulation of lipid biosynthetic process,M1,1,0
24_hsa05200,1,-3.2,hsa05200,Pathways in cancer,M1,1,0
19_GO:0006120,1,-2.9,GO:0006120,"mitochondrial electron transport, NADH to ubiquinone",M1,1,0
19_GO:0045639,1,-2.1,GO:0045639,positive regulation of myeloid cell differentiation,M1,1,0
19_GO:0055117,1,-4.1,GO:0055117,regulation of cardiac muscle contraction,M1,1,0
19_GO:0002385,1,-2.4,GO:0002385,mucosal immune response,M1,1,0
19_GO:0022900,1,-2.2,GO:0022900,electron transport chain,M1,1,0
19_GO:0009214,1,-3.7,GO:0009214,cyclic nucleotide catabolic process,M1,1,0
19_GO:0010874,1,-2.3,GO:0010874,regulation of cholesterol efflux,M1,1,0
24_hsa04060,1,-3.2,hsa04060,Cytokine-cytokine receptor interaction,M1,1,0
11_M144,1,-2.1,M144,PID CERAMIDE PATHWAY,M1,1,0
19_GO:0010742,1,-2.4,GO:0010742,macrophage derived foam cell differentiation,M1,1,0
19_GO:0006195,1,-2.2,GO:0006195,purine nucleotide catabolic process,M1,1,0
11_M3005,1,-4.4,M3005,NABA COLLAGENS,M1,1,0
19_GO:0010876,1,-2.1,GO:0010876,lipid localization,M1,1,0
24_hsa05012,1,-2.1,hsa05012,Parkinson's disease,M1,1,0
19_GO:0032373,1,-4.4,GO:0032373,positive regulation of sterol transport,M1,1,0
19_GO:1902117,1,-2.4,GO:1902117,positive regulation of organelle assembly,M1,1,0
24_hsa04932,1,-2,hsa04932,Non-alcoholic fatty liver disease (NAFLD),M1,1,0
11_M18030,1,-2.7,M18030,ST TUMOR NECROSIS FACTOR PATHWAY,M1,1,0
6_R-HSA-163200,1,-2.3,R-HSA-163200,"Respiratory electron transport, ATP synthesis by chemiosmotic coupling, and heat production by uncou",M1,1,0
19_GO:0006937,1,-3.1,GO:0006937,regulation of muscle contraction,M1,1,0
19_GO:1903524,1,-2.4,GO:1903524,positive regulation of blood circulation,M1,1,0
6_R-HSA-8874081,1,-2.7,R-HSA-8874081,MET activates PTK2 signaling,M1,1,0
19_GO:0031334,1,-2,GO:0031334,positive regulation of protein complex assembly,M1,1,0
19_GO:0010257,1,-2.6,GO:0010257,NADH dehydrogenase complex assembly,M1,1,0
19_GO:0071396,1,-2.1,GO:0071396,cellular response to lipid,M1,1,0
19_GO:0097530,1,-2.8,GO:0097530,granulocyte migration,M1,1,0
33_CORUM:178,1,-3.2,CORUM:178,"Respiratory chain complex I (holoenzyme), mitochondrial",M1,1,0
19_GO:0002573,1,-2,GO:0002573,myeloid leukocyte differentiation,M1,1,0
6_R-HSA-1474165,1,-2.1,R-HSA-1474165,Reproduction,M1,1,0
19_GO:0002251,1,-2.3,GO:0002251,organ or tissue specific immune response,M1,1,0
24_hsa05032,1,-2.9,hsa05032,Morphine addiction,M1,1,0
6_R-HSA-2408557,1,-2.1,R-HSA-2408557,Selenocysteine synthesis,M1,1,0
11_M5885,1,-3,M5885,NABA MATRISOME ASSOCIATED,M1,1,0
24_hsa05146,1,-4.7,hsa05146,Amoebiasis,M1,1,0
19_GO:0008015,1,-2.6,GO:0008015,blood circulation,M1,1,0
19_GO:0015914,1,-2.4,GO:0015914,phospholipid transport,M1,1,0
6_R-HSA-1474290,1,-3,R-HSA-1474290,Collagen formation,M1,1,0
24_hsa04640,1,-2.8,hsa04640,Hematopoietic cell lineage,M1,1,0
11_M53,1,-2.2,M53,PID INTEGRIN3 PATHWAY,M1,1,0
19_GO:0002237,1,-3.1,GO:0002237,response to molecule of bacterial origin,M1,1,0
19_GO:1903706,1,-2,GO:1903706,regulation of hemopoiesis,M1,1,0
24_hsa05161,1,-2.1,hsa05161,Hepatitis B,M1,1,0
19_GO:1903115,1,-2.1,GO:1903115,regulation of actin filament-based movement,M1,1,0
19_GO:0032370,1,-2.7,GO:0032370,positive regulation of lipid transport,M1,1,0
19_GO:0045684,1,-2.3,GO:0045684,positive regulation of epidermis development,M1,1,0
19_GO:1990266,1,-3.2,GO:1990266,neutrophil migration,M1,1,0
19_GO:0043122,1,-2.3,GO:0043122,regulation of I-kappaB kinase/NF-kappaB signaling,M1,1,0
19_GO:0015850,1,-3.3,GO:0015850,organic hydroxy compound transport,M1,1,0
19_GO:0022904,1,-2.5,GO:0022904,respiratory electron transport chain,M1,1,0
19_GO:0071621,1,-3.1,GO:0071621,granulocyte chemotaxis,M1,1,0
6_R-HSA-73887,1,-2.1,R-HSA-73887,Death Receptor Signalling,M1,1,0
19_GO:0032374,1,-2.7,GO:0032374,regulation of cholesterol transport,M1,1,0
6_R-HSA-8875878,1,-2.3,R-HSA-8875878,MET promotes cell motility,M1,1,0
19_GO:0045933,1,-2.1,GO:0045933,positive regulation of muscle contraction,M1,1,0
6_R-HSA-5357769,1,-2.8,R-HSA-5357769,Caspase activation via extrinsic apoptotic signalling pathway,M1,1,0
6_R-HSA-2173782,1,-2.2,R-HSA-2173782,Binding and Uptake of Ligands by Scavenger Receptors,M1,1,0
6_R-HSA-611105,1,-2.7,R-HSA-611105,Respiratory electron transport,M1,1,0
19_GO:0019835,1,-2.3,GO:0019835,cytolysis,M1,1,0
19_GO:0006941,1,-3.8,GO:0006941,striated muscle contraction,M1,1,0
19_GO:0007266,1,-2.1,GO:0007266,Rho protein signal transduction,M1,1,0
19_GO:0010743,1,-2.7,GO:0010743,regulation of macrophage derived foam cell differentiation,M1,1,0
19_GO:0090075,1,-2.6,GO:0090075,relaxation of muscle,M1,1,0
24_hsa04064,1,-3.7,hsa04064,NF-kappa B signaling pathway,M1,1,0
24_hsa05143,1,-2.5,hsa05143,African trypanosomiasis,M1,1,0
33_CORUM:306,1,-2.3,CORUM:306,"Ribosome, cytoplasmic",M1,1,0
6_R-HSA-8948216,1,-4.4,R-HSA-8948216,Collagen chain trimerization,M1,1,0
19_GO:0017158,1,-2.5,GO:0017158,regulation of calcium ion-dependent exocytosis,M1,1,0
19_GO:0071219,1,-4.8,GO:0071219,cellular response to molecule of bacterial origin,M1,1,0
19_GO:0071216,1,-4.4,GO:0071216,cellular response to biotic stimulus,M1,1,0
19_GO:0032496,1,-3.2,GO:0032496,response to lipopolysaccharide,M1,1,0
6_R-HSA-156902,1,-2.1,R-HSA-156902,Peptide chain elongation,M1,1,0
19_GO:0043062,1,-3.5,GO:0043062,extracellular structure organization,M1,1,0
19_GO:1905954,1,-3.1,GO:1905954,positive regulation of lipid localization,M1,1,0
19_GO:0048599,1,-2.1,GO:0048599,oocyte development,M1,1,0
19_GO:1905952,1,-2.6,GO:1905952,regulation of lipid localization,M1,1,0
33_CORUM:305,1,-2.5,CORUM:305,"40S ribosomal subunit, cytoplasmic",M1,1,0
19_GO:0071222,1,-4.9,GO:0071222,cellular response to lipopolysaccharide,M1,1,0
19_GO:0009154,1,-2.6,GO:0009154,purine ribonucleotide catabolic process,M1,1,0
6_R-HSA-72764,1,-2.1,R-HSA-72764,Eukaryotic Translation Termination,M1,1,0
6_R-HSA-2022090,1,-3.7,R-HSA-2022090,Assembly of collagen fibrils and other multimeric structures,M1,1,0
19_GO:1903522,1,-2.3,GO:1903522,regulation of blood circulation,M1,1,0
24_hsa04621,1,-2.4,hsa04621,NOD-like receptor signaling pathway,M1,1,0
19_GO:0043949,1,-2,GO:0043949,regulation of cAMP-mediated signaling,M1,1,0
19_GO:0030198,1,-2.8,GO:0030198,extracellular matrix organization,M1,1,0
19_GO:0032371,1,-2.7,GO:0032371,regulation of sterol transport,M1,1,0
19_GO:0007249,1,-3.2,GO:0007249,I-kappaB kinase/NF-kappaB signaling,M1,1,0
6_R-HSA-380108,1,-2.1,R-HSA-380108,Chemokine receptors bind chemokines,M1,1,0
6_R-HSA-975956,1,-2,R-HSA-975956,Nonsense Mediated Decay (NMD) independent of the Exon Junction Complex (EJC),M1,1,0
24_hsa05134,1,-3.9,hsa05134,Legionellosis,M1,1,0
24_hsa00190,1,-3,hsa00190,Oxidative phosphorylation,M1,1,0
19_GO:0032729,1,-2.6,GO:0032729,positive regulation of interferon-gamma production,M1,1,0
19_GO:0032970,1,-2.2,GO:0032970,regulation of actin filament-based process,M1,1,0
6_R-HSA-192823,1,-2.1,R-HSA-192823,Viral mRNA Translation,M1,1,0
19_GO:0000956,1,-2,GO:0000956,nuclear-transcribed mRNA catabolic process,M1,1,0
6_R-HSA-3000171,1,-3.8,R-HSA-3000171,Non-integrin membrane-ECM interactions,M1,1,0
11_M198,1,-4.3,M198,PID SYNDECAN 1 PATHWAY,M1,1,0
19_GO:0032609,1,-2.5,GO:0032609,interferon-gamma production,M1,1,0
19_GO:0019915,1,-3.5,GO:0019915,lipid storage,M1,1,0
19_GO:0006959,1,-2.9,GO:0006959,humoral immune response,M1,1,0
19_GO:0045940,1,-2.7,GO:0045940,positive regulation of steroid metabolic process,M1,1,0
19_GO:0010883,1,-3.2,GO:0010883,regulation of lipid storage,M1,1,0
19_GO:0019221,1,-2.8,GO:0019221,cytokine-mediated signaling pathway,M1,1,0
19_GO:0010888,1,-3.3,GO:0010888,negative regulation of lipid storage,M1,1,0
24_hsa04974,1,-3.9,hsa04974,Protein digestion and absorption,M1,1,0
19_GO:0009261,1,-2.5,GO:0009261,ribonucleotide catabolic process,M1,1,0
19_GO:0019933,1,-2.2,GO:0019933,cAMP-mediated signaling,M1,1,0
19_GO:0042775,1,-2.8,GO:0042775,mitochondrial ATP synthesis coupled electron transport,M1,1,0
19_GO:0019730,1,-4,GO:0019730,antimicrobial humoral response,M1,1,0
11_M197,1,-2.5,M197,PID HIV NEF PATHWAY,M1,1,0
19_GO:0002822,1,-2.1,GO:0002822,regulation of adaptive immune response based on somatic recombination of immune receptors built from,M1,1,0
