Name,Category,CategoryID,GO,Description,LogP,Enrichment,Z-score,#TotalGeneInLibrary,#GeneInGO,#GeneInHitList,#GeneInGOAndHitList,%InGO,STDV %InGO,GeneID,Hits,Log(q-value)
hits,Reactome Gene Sets,6,R-HSA-373076,Class A/1 (Rhodopsin-like receptors),-4.3,12,7.3,24155,324,30,5,17,6.8,2840|3357|57007|257313|347148,GPR17|HTR2B|ACKR3|UTS2B|QRFP,-0.92
hits,Reactome Gene Sets,6,R-HSA-416476,G alpha (q) signalling events,-3.8,15,7.2,24155,217,30,4,13,6.2,2840|3357|257313|347148,GPR17|HTR2B|UTS2B|QRFP,-0.52
hits,Reactome Gene Sets,6,R-HSA-500792,GPCR ligand binding,-3.6,8.8,5.9,24155,457,30,5,17,6.8,2840|3357|57007|257313|347148,GPR17|HTR2B|ACKR3|UTS2B|QRFP,-0.36
hits,GO Biological Processes,19,GO:0007204,positive regulation of cytosolic calcium ion concentration,-3.2,10,5.8,24155,319,30,4,13,6.2,775|2840|3357|57007,CACNA1C|GPR17|HTR2B|ACKR3,0
hits,GO Biological Processes,19,GO:0051480,regulation of cytosolic calcium ion concentration,-3,9,5.4,24155,358,30,4,13,6.2,775|2840|3357|57007,CACNA1C|GPR17|HTR2B|ACKR3,0
hits,KEGG Pathway,24,hsa04020,Calcium signaling pathway,-2.8,13,5.9,24155,182,30,3,10,5.5,775|816|3357,CACNA1C|CAMK2B|HTR2B,0
hits,Reactome Gene Sets,6,R-HSA-112316,Neuronal System,-2.8,7.8,4.9,24155,413,30,4,13,6.2,816|3746|3756|22999,CAMK2B|KCNC1|KCNH1|RIMS1,0
hits,Reactome Gene Sets,6,R-HSA-375276,Peptide ligand-binding receptors,-2.8,13,5.7,24155,190,30,3,10,5.5,57007|257313|347148,ACKR3|UTS2B|QRFP,0
hits,Canonical Pathways,11,M3008,NABA ECM GLYCOPROTEINS,-2.7,12,5.6,24155,196,30,3,10,5.5,3483|4917|133584,IGFALS|NTN3|EGFLAM,0
hits,GO Biological Processes,19,GO:0042391,regulation of membrane potential,-2.7,7.4,4.8,24155,434,30,4,13,6.2,775|3746|3756|22999,CACNA1C|KCNC1|KCNH1|RIMS1,0
hits,GO Biological Processes,19,GO:0006874,cellular calcium ion homeostasis,-2.6,7,4.6,24155,459,30,4,13,6.2,775|2840|3357|57007,CACNA1C|GPR17|HTR2B|ACKR3,0
hits,GO Biological Processes,19,GO:0019722,calcium-mediated signaling,-2.6,11,5.3,24155,218,30,3,10,5.5,775|3357|57007,CACNA1C|HTR2B|ACKR3,0
hits,GO Biological Processes,19,GO:0003012,muscle system process,-2.6,6.9,4.6,24155,465,30,4,13,6.2,775|816|3357|23213,CACNA1C|CAMK2B|HTR2B|SULF1,0
hits,GO Biological Processes,19,GO:0055074,calcium ion homeostasis,-2.6,6.8,4.5,24155,472,30,4,13,6.2,775|2840|3357|57007,CACNA1C|GPR17|HTR2B|ACKR3,0
hits,GO Biological Processes,19,GO:0072503,cellular divalent inorganic cation homeostasis,-2.5,6.5,4.4,24155,494,30,4,13,6.2,775|2840|3357|57007,CACNA1C|GPR17|HTR2B|ACKR3,0
hits,GO Biological Processes,19,GO:0072507,divalent inorganic cation homeostasis,-2.4,6.3,4.3,24155,514,30,4,13,6.2,775|2840|3357|57007,CACNA1C|GPR17|HTR2B|ACKR3,0
hits,GO Biological Processes,19,GO:0008015,blood circulation,-2.4,6,4.1,24155,541,30,4,13,6.2,775|3357|257313|347148,CACNA1C|HTR2B|UTS2B|QRFP,0
hits,GO Biological Processes,19,GO:0003013,circulatory system process,-2.3,5.8,4.1,24155,551,30,4,13,6.2,775|3357|257313|347148,CACNA1C|HTR2B|UTS2B|QRFP,0
hits,Canonical Pathways,11,M5884,NABA CORE MATRISOME,-2.3,8.8,4.6,24155,275,30,3,10,5.5,3483|4917|133584,IGFALS|NTN3|EGFLAM,0
hits,GO Biological Processes,19,GO:0006875,cellular metal ion homeostasis,-2.3,5.6,3.9,24155,580,30,4,13,6.2,775|2840|3357|57007,CACNA1C|GPR17|HTR2B|ACKR3,0
hits,GO Biological Processes,19,GO:0048598,embryonic morphogenesis,-2.2,5.5,3.9,24155,586,30,4,13,6.2,775|3357|23213|154796,CACNA1C|HTR2B|SULF1|AMOT,0
hits,GO Biological Processes,19,GO:0030003,cellular cation homeostasis,-2.1,4.9,3.6,24155,653,30,4,13,6.2,775|2840|3357|57007,CACNA1C|GPR17|HTR2B|ACKR3,0
hits,GO Biological Processes,19,GO:0055065,metal ion homeostasis,-2.1,4.9,3.6,24155,654,30,4,13,6.2,775|2840|3357|57007,CACNA1C|GPR17|HTR2B|ACKR3,0
hits,GO Biological Processes,19,GO:0006873,cellular ion homeostasis,-2.1,4.8,3.5,24155,666,30,4,13,6.2,775|2840|3357|57007,CACNA1C|GPR17|HTR2B|ACKR3,0
hits,GO Biological Processes,19,GO:0006936,muscle contraction,-2,6.7,3.8,24155,360,30,3,10,5.5,775|3357|23213,CACNA1C|HTR2B|SULF1,0
hits_MCODE_ALL,Reactome Gene Sets,6,R-HSA-416476,G alpha (q) signalling events,-5.5,37,12,24155,217,12,4,33,14,2840|3357|257313|347148,GPR17|HTR2B|UTS2B|QRFP,-1.8
hits_MCODE_ALL,Reactome Gene Sets,6,R-HSA-373076,Class A/1 (Rhodopsin-like receptors),-4.8,25,9.6,24155,324,12,4,33,14,2840|3357|257313|347148,GPR17|HTR2B|UTS2B|QRFP,-1.2
hits_MCODE_ALL,Reactome Gene Sets,6,R-HSA-500792,GPCR ligand binding,-4.3,18,8,24155,457,12,4,33,14,2840|3357|257313|347148,GPR17|HTR2B|UTS2B|QRFP,-0.89
hits_MCODE_ALL,GO Biological Processes,19,GO:0008015,blood circulation,-2.7,11,5.3,24155,541,12,3,25,12,3357|257313|347148,HTR2B|UTS2B|QRFP,0
hits_MCODE_ALL,GO Biological Processes,19,GO:0003013,circulatory system process,-2.7,11,5.3,24155,551,12,3,25,12,3357|257313|347148,HTR2B|UTS2B|QRFP,0
hits_SUB2_MCODE_2,Reactome Gene Sets,6,R-HSA-416476,G alpha (q) signalling events,-8.2,1.1e+02,21,24155,217,4,4,1e+02,22,2840|3357|257313|347148,GPR17|HTR2B|UTS2B|QRFP,-3.9
hits_SUB2_MCODE_2,Reactome Gene Sets,6,R-HSA-373076,Class A/1 (Rhodopsin-like receptors),-7.5,75,17,24155,324,4,4,1e+02,22,2840|3357|257313|347148,GPR17|HTR2B|UTS2B|QRFP,-3.5
hits_SUB2_MCODE_2,Reactome Gene Sets,6,R-HSA-500792,GPCR ligand binding,-6.9,53,14,24155,457,4,4,1e+02,22,2840|3357|257313|347148,GPR17|HTR2B|UTS2B|QRFP,-3.1
hits_SUB2_MCODE_2,GO Biological Processes,19,GO:0008015,blood circulation,-4.4,33,9.8,24155,541,4,3,75,22,3357|257313|347148,HTR2B|UTS2B|QRFP,-0.92
hits_SUB2_MCODE_2,GO Biological Processes,19,GO:0003013,circulatory system process,-4.3,33,9.7,24155,551,4,3,75,22,3357|257313|347148,HTR2B|UTS2B|QRFP,-0.92
