Category,CategoryID,GO,Description,LogP,Enrichment,Z-score,#TotalGeneInLibrary,#GeneInGO,#GeneInHitList,#GeneInGOAndHitList,%InGO,STDV %InGO,GeneID,Hits,Log(q-value),GeneList
GO Biological Processes,19,GO:0030198,extracellular matrix organization,-5.8,5.7,6.9,24155,370,138,12,8.7,2.4,1293|1298|3683|3690|3695|3910|4323|4868|6678|26585|30008|255743,COL6A3|COL9A2|ITGAL|ITGB3|ITGB7|LAMA4|MMP14|NPHS1|SPARC|GREM1|EFEMP2|NPNT,-1.5,Input ID
GO Biological Processes,19,GO:0043062,extracellular structure organization,-5.2,4.9,6.2,24155,425,138,12,8.7,2.4,1293|1298|3683|3690|3695|3910|4323|4868|6678|26585|30008|255743,COL6A3|COL9A2|ITGAL|ITGB3|ITGB7|LAMA4|MMP14|NPHS1|SPARC|GREM1|EFEMP2|NPNT,-1.5,Input ID
GO Biological Processes,19,GO:0007160,cell-matrix adhesion,-5.2,7,6.8,24155,226,138,9,6.5,2.1,88|1236|3683|3690|3695|4323|7007|10580|255743,ACTN2|CCR7|ITGAL|ITGB3|ITGB7|MMP14|TECTA|SORBS1|NPNT,-1.5,Input ID
GO Biological Processes,19,GO:0031589,cell-substrate adhesion,-5.2,5.4,6.4,24155,356,138,11,8,2.3,88|1236|3683|3690|3695|4323|7007|10580|55679|79812|255743,ACTN2|CCR7|ITGAL|ITGB3|ITGB7|MMP14|TECTA|SORBS1|LIMS2|MMRN2|NPNT,-1.5,Input ID
Reactome Gene Sets,6,R-HSA-549127,Organic cation transport,-4.7,53,12,24155,10,138,3,2.2,1.2,6248|6581|6582,RSC1A1|SLC22A3|SLC22A2,-1.1,Input ID
Canonical Pathways,11,M5884,NABA CORE MATRISOME,-4.5,5.7,6,24155,275,138,9,6.5,2.1,1293|1298|3910|4969|6678|7007|30008|79812|255743,COL6A3|COL9A2|LAMA4|OGN|SPARC|TECTA|EFEMP2|MMRN2|NPNT,-0.98,Input ID
GO Biological Processes,19,GO:0006936,muscle contraction,-4.4,4.9,5.6,24155,360,138,10,7.2,2.2,58|88|1131|2281|3363|3752|4151|5592|10580|255743,ACTA1|ACTN2|CHRM3|FKBP1B|HTR7|KCND3|MB|PRKG1|SORBS1|NPNT,-0.89,Input ID
Reactome Gene Sets,6,R-HSA-1474244,Extracellular matrix organization,-4.2,5.2,5.6,24155,301,138,9,6.5,2.1,1293|1298|3683|3690|3695|3910|4323|6678|30008,COL6A3|COL9A2|ITGAL|ITGB3|ITGB7|LAMA4|MMP14|SPARC|EFEMP2,-0.8,Input ID
Reactome Gene Sets,6,R-HSA-3000178,ECM proteoglycans,-4.1,12,7,24155,76,138,5,3.6,1.6,1293|1298|3690|3910|6678,COL6A3|COL9A2|ITGB3|LAMA4|SPARC,-0.79,Input ID
Reactome Gene Sets,6,R-HSA-549132,Organic cation/anion/zwitterion transport,-4.1,35,10,24155,15,138,3,2.2,1.2,6248|6581|6582,RSC1A1|SLC22A3|SLC22A2,-0.79,Input ID
Reactome Gene Sets,6,R-HSA-1500931,Cell-Cell communication,-4,8.1,6.2,24155,129,138,6,4.3,1.7,88|1013|3852|4868|55679|84063,ACTN2|CDH15|KRT5|NPHS1|LIMS2|KIRREL2,-0.73,Input ID
KEGG Pathway,24,hsa04512,ECM-receptor interaction,-4,11,6.7,24155,82,138,5,3.6,1.6,1293|1298|3690|3695|3910,COL6A3|COL9A2|ITGB3|ITGB7|LAMA4,-0.73,Input ID
Reactome Gene Sets,6,R-HSA-216083,Integrin cell surface interactions,-3.9,10,6.5,24155,85,138,5,3.6,1.6,1293|1298|3683|3690|3695,COL6A3|COL9A2|ITGAL|ITGB3|ITGB7,-0.7,Input ID
GO Biological Processes,19,GO:0061061,muscle structure development,-3.9,3.4,4.7,24155,674,138,13,9.4,2.5,58|88|1013|1293|3131|4323|4868|5629|9148|9242|22808|26585|255743,ACTA1|ACTN2|CDH15|COL6A3|HLF|MMP14|NPHS1|PROX1|NEURL1|MSC|MRAS|GREM1|NPNT,-0.7,Input ID
Reactome Gene Sets,6,R-HSA-373753,Nephrin family interactions,-3.5,23,7.9,24155,23,138,3,2.2,1.2,88|4868|84063,ACTN2|NPHS1|KIRREL2,-0.39,Input ID
GO Biological Processes,19,GO:0003012,muscle system process,-3.5,3.8,4.6,24155,465,138,10,7.2,2.2,58|88|1131|2281|3363|3752|4151|5592|10580|255743,ACTA1|ACTN2|CHRM3|FKBP1B|HTR7|KCND3|MB|PRKG1|SORBS1|NPNT,-0.34,Input ID
GO Biological Processes,19,GO:0006939,smooth muscle contraction,-3.4,8,5.5,24155,110,138,5,3.6,1.6,1131|2281|3363|5592|255743,CHRM3|FKBP1B|HTR7|PRKG1|NPNT,-0.3,Input ID
Canonical Pathways,11,M47,PID INTEGRIN CS PATHWAY,-3.4,20,7.4,24155,26,138,3,2.2,1.2,3683|3690|3695,ITGAL|ITGB3|ITGB7,-0.3,Input ID
GO Biological Processes,19,GO:0010469,regulation of signaling receptor activity,-3.3,6.1,5.1,24155,173,138,6,4.3,1.7,88|9148|10369|26585|57554|130576,ACTN2|NEURL1|CACNG2|GREM1|LRRC7|LYPD6B,-0.27,Input ID
Canonical Pathways,11,M18,PID INTEGRIN1 PATHWAY,-3.3,11,5.9,24155,66,138,4,2.9,1.4,1293|3910|7052|255743,COL6A3|LAMA4|TGM2|NPNT,-0.24,Input ID
GO Biological Processes,19,GO:0007517,muscle organ development,-3.2,3.8,4.4,24155,410,138,9,6.5,2.1,58|1293|3131|4868|5629|9148|9242|22808|26585,ACTA1|COL6A3|HLF|NPHS1|PROX1|NEURL1|MSC|MRAS|GREM1,-0.23,Input ID
GO Biological Processes,19,GO:0051491,positive regulation of filopodium assembly,-3.2,18,6.9,24155,30,138,3,2.2,1.2,1236|9148|57451,CCR7|NEURL1|TENM2,-0.2,Input ID
KEGG Pathway,24,hsa05412,Arrhythmogenic right ventricular cardiomyopathy (ARVC),-3.1,9.7,5.6,24155,72,138,4,2.9,1.4,88|3690|3695|10369,ACTN2|ITGB3|ITGB7|CACNG2,-0.15,Input ID
GO Biological Processes,19,GO:0099601,regulation of neurotransmitter receptor activity,-3.1,9.5,5.5,24155,74,138,4,2.9,1.4,88|10369|57554|130576,ACTN2|CACNG2|LRRC7|LYPD6B,-0.13,Input ID
Canonical Pathways,11,M3008,NABA ECM GLYCOPROTEINS,-3,5.4,4.6,24155,196,138,6,4.3,1.7,3910|6678|7007|30008|79812|255743,LAMA4|SPARC|TECTA|EFEMP2|MMRN2|NPNT,-0.11,Input ID
GO Biological Processes,19,GO:0015695,organic cation transport,-3,15,6.3,24155,35,138,3,2.2,1.2,6581|6582|80736,SLC22A3|SLC22A2|SLC44A4,-0.079,Input ID
GO Biological Processes,19,GO:2000273,positive regulation of signaling receptor activity,-2.9,14,6.1,24155,37,138,3,2.2,1.2,9148|10369|26585,NEURL1|CACNG2|GREM1,-0.024,Input ID
Reactome Gene Sets,6,R-HSA-397014,Muscle contraction,-2.9,5,4.4,24155,209,138,6,4.3,1.7,58|88|2281|3752|10369|10580,ACTA1|ACTN2|FKBP1B|KCND3|CACNG2|SORBS1,-0.015,Input ID
Reactome Gene Sets,6,R-HSA-425366,"Transport of bile salts and organic acids, metal ions and amine compounds",-2.8,8.2,5.1,24155,85,138,4,2.9,1.4,6248|6581|6582|80736,RSC1A1|SLC22A3|SLC22A2|SLC44A4,0,Input ID
Canonical Pathways,11,M5887,NABA BASEMENT MEMBRANES,-2.8,13,5.8,24155,40,138,3,2.2,1.2,1293|3910|255743,COL6A3|LAMA4|NPNT,0,Input ID
GO Biological Processes,19,GO:0051668,localization within membrane,-2.8,5.9,4.5,24155,148,138,5,3.6,1.6,3683|3690|3695|10369|57554,ITGAL|ITGB3|ITGB7|CACNG2|LRRC7,0,Input ID
Reactome Gene Sets,6,R-HSA-9609736,Assembly and cell surface presentation of NMDA receptors,-2.8,13,5.7,24155,41,138,3,2.2,1.2,88|57554|116443,ACTN2|LRRC7|GRIN3A,0,Input ID
GO Biological Processes,19,GO:0042692,muscle cell differentiation,-2.8,3.6,3.9,24155,387,138,8,5.8,2,58|88|1013|4323|4868|5629|26585|255743,ACTA1|ACTN2|CDH15|MMP14|NPHS1|PROX1|GREM1|NPNT,0,Input ID
GO Biological Processes,19,GO:0014706,striated muscle tissue development,-2.7,3.6,3.9,24155,391,138,8,5.8,2,58|88|3131|4868|5629|9148|9242|26585,ACTA1|ACTN2|HLF|NPHS1|PROX1|NEURL1|MSC|GREM1,0,Input ID
GO Biological Processes,19,GO:0051489,regulation of filopodium assembly,-2.7,12,5.5,24155,44,138,3,2.2,1.2,1236|9148|57451,CCR7|NEURL1|TENM2,0,Input ID
GO Biological Processes,19,GO:0007519,skeletal muscle tissue development,-2.6,5.5,4.3,24155,160,138,5,3.6,1.6,58|3131|4868|9148|9242,ACTA1|HLF|NPHS1|NEURL1|MSC,0,Input ID
GO Biological Processes,19,GO:0007044,cell-substrate junction assembly,-2.6,7.2,4.7,24155,97,138,4,2.9,1.4,88|3852|4323|10580,ACTN2|KRT5|MMP14|SORBS1,0,Input ID
GO Biological Processes,19,GO:0050900,leukocyte migration,-2.6,3.1,3.7,24155,501,138,9,6.5,2.1,1236|2650|2867|3683|3690|3695|4323|26585|51378,CCR7|GCNT1|FFAR2|ITGAL|ITGB3|ITGB7|MMP14|GREM1|ANGPT4,0,Input ID
GO Biological Processes,19,GO:0060537,muscle tissue development,-2.6,3.4,3.7,24155,409,138,8,5.8,2,58|88|3131|4868|5629|9148|9242|26585,ACTA1|ACTN2|HLF|NPHS1|PROX1|NEURL1|MSC|GREM1,0,Input ID
GO Biological Processes,19,GO:0007215,glutamate receptor signaling pathway,-2.6,7,4.6,24155,100,138,4,2.9,1.4,88|10369|57554|116443,ACTN2|CACNG2|LRRC7|GRIN3A,0,Input ID
Reactome Gene Sets,6,R-HSA-112316,Neuronal System,-2.6,3.4,3.7,24155,413,138,8,5.8,2,88|3752|3785|6582|9568|10369|57554|116443,ACTN2|KCND3|KCNQ2|SLC22A2|GABBR2|CACNG2|LRRC7|GRIN3A,0,Input ID
Reactome Gene Sets,6,R-HSA-373076,Class A/1 (Rhodopsin-like receptors),-2.6,3.8,3.8,24155,324,138,7,5.1,1.9,1131|1233|1236|2867|3363|4886|27198,CHRM3|CCR4|CCR7|FFAR2|HTR7|NPY1R|HCAR1,0,Input ID
GO Biological Processes,19,GO:0034329,cell junction assembly,-2.6,4.4,4,24155,241,138,6,4.3,1.7,88|1013|3852|4323|10580|55679,ACTN2|CDH15|KRT5|MMP14|SORBS1|LIMS2,0,Input ID
GO Biological Processes,19,GO:0046677,response to antibiotic,-2.5,3.7,3.8,24155,328,138,7,5.1,1.9,1233|1543|2281|4151|4602|6678|116443,CCR4|CYP1A1|FKBP1B|MB|MYB|SPARC|GRIN3A,0,Input ID
GO Biological Processes,19,GO:0060538,skeletal muscle organ development,-2.5,5.2,4.1,24155,169,138,5,3.6,1.6,58|3131|4868|9148|9242,ACTA1|HLF|NPHS1|NEURL1|MSC,0,Input ID
GO Biological Processes,19,GO:0007229,integrin-mediated signaling pathway,-2.5,6.7,4.4,24155,105,138,4,2.9,1.4,3683|3690|3695|55679,ITGAL|ITGB3|ITGB7|LIMS2,0,Input ID
GO Biological Processes,19,GO:0051149,positive regulation of muscle cell differentiation,-2.4,6.4,4.3,24155,109,138,4,2.9,1.4,1013|4323|5629|26585,CDH15|MMP14|PROX1|GREM1,0,Input ID
KEGG Pathway,24,hsa04151,PI3K-Akt signaling pathway,-2.4,3.6,3.6,24155,342,138,7,5.1,1.9,1293|1298|3690|3695|3910|4602|51378,COL6A3|COL9A2|ITGB3|ITGB7|LAMA4|MYB|ANGPT4,0,Input ID
GO Biological Processes,19,GO:0043113,receptor clustering,-2.4,9.5,4.8,24155,55,138,3,2.2,1.2,3683|3695|57554,ITGAL|ITGB7|LRRC7,0,Input ID
GO Biological Processes,19,GO:0031623,receptor internalization,-2.4,6.3,4.2,24155,112,138,4,2.9,1.4,3690|6295|10369|26585,ITGB3|SAG|CACNG2|GREM1,0,Input ID
GO Biological Processes,19,GO:0030029,actin filament-based process,-2.4,2.5,3.3,24155,760,138,11,8,2.3,58|88|1236|3752|4868|5592|5629|10580|22808|84448|257019,ACTA1|ACTN2|CCR7|KCND3|NPHS1|PRKG1|PROX1|SORBS1|MRAS|ABLIM2|FRMD3,0,Input ID
GO Biological Processes,19,GO:0001666,response to hypoxia,-2.3,3.4,3.5,24155,359,138,7,5.1,1.9,1543|4151|4323|4602|9915|51378|126374,CYP1A1|MB|MMP14|MYB|ARNT2|ANGPT4|WTIP,0,Input ID
GO Biological Processes,19,GO:0046847,filopodium assembly,-2.3,8.9,4.6,24155,59,138,3,2.2,1.2,1236|9148|57451,CCR7|NEURL1|TENM2,0,Input ID
GO Biological Processes,19,GO:0045071,negative regulation of viral genome replication,-2.3,8.9,4.6,24155,59,138,3,2.2,1.2,5629|60489|91543,PROX1|APOBEC3G|RSAD2,0,Input ID
Reactome Gene Sets,6,R-HSA-112315,Transmission across Chemical Synapses,-2.3,3.9,3.6,24155,272,138,6,4.3,1.7,88|6582|9568|10369|57554|116443,ACTN2|SLC22A2|GABBR2|CACNG2|LRRC7|GRIN3A,0,Input ID
GO Biological Processes,19,GO:0006836,neurotransmitter transport,-2.3,3.9,3.6,24155,272,138,6,4.3,1.7,3690|6581|6582|7223|80736|116443,ITGB3|SLC22A3|SLC22A2|TRPC4|SLC44A4|GRIN3A,0,Input ID
Reactome Gene Sets,6,R-HSA-500792,GPCR ligand binding,-2.3,3.1,3.4,24155,457,138,8,5.8,2,1131|1233|1236|2867|3363|4886|9568|27198,CHRM3|CCR4|CCR7|FFAR2|HTR7|NPY1R|GABBR2|HCAR1,0,Input ID
GO Biological Processes,19,GO:0090130,tissue migration,-2.3,3.4,3.5,24155,362,138,7,5.1,1.9,58|3690|5629|6678|26585|51378|79812,ACTA1|ITGB3|PROX1|SPARC|GREM1|ANGPT4|MMRN2,0,Input ID
GO Biological Processes,19,GO:0030036,actin cytoskeleton organization,-2.3,2.6,3.2,24155,667,138,10,7.2,2.2,58|88|1236|4868|5592|5629|10580|22808|84448|257019,ACTA1|ACTN2|CCR7|NPHS1|PRKG1|PROX1|SORBS1|MRAS|ABLIM2|FRMD3,0,Input ID
GO Biological Processes,19,GO:0043542,endothelial cell migration,-2.3,3.8,3.6,24155,275,138,6,4.3,1.7,3690|5629|6678|26585|51378|79812,ITGB3|PROX1|SPARC|GREM1|ANGPT4|MMRN2,0,Input ID
GO Biological Processes,19,GO:0010035,response to inorganic substance,-2.3,2.8,3.3,24155,562,138,9,6.5,2.1,58|1236|1543|2203|2281|4151|4602|6678|10369,ACTA1|CCR7|CYP1A1|FBP1|FKBP1B|MB|MYB|SPARC|CACNG2,0,Input ID
GO Biological Processes,19,GO:0010811,positive regulation of cell-substrate adhesion,-2.3,5.8,4,24155,121,138,4,2.9,1.4,1236|55679|79812|255743,CCR7|LIMS2|MMRN2|NPNT,0,Input ID
GO Biological Processes,19,GO:0034762,regulation of transmembrane transport,-2.3,2.8,3.2,24155,568,138,9,6.5,2.1,88|2281|3752|3785|6248|9022|10369|10580|57554,ACTN2|FKBP1B|KCND3|KCNQ2|RSC1A1|CLIC3|CACNG2|SORBS1|LRRC7,0,Input ID
GO Biological Processes,19,GO:0036293,response to decreased oxygen levels,-2.3,3.3,3.4,24155,370,138,7,5.1,1.9,1543|4151|4323|4602|9915|51378|126374,CYP1A1|MB|MMP14|MYB|ARNT2|ANGPT4|WTIP,0,Input ID
KEGG Pathway,24,hsa04024,cAMP signaling pathway,-2.2,4.4,3.7,24155,198,138,5,3.6,1.6,2867|4886|9568|27198|116443,FFAR2|NPY1R|GABBR2|HCAR1|GRIN3A,0,Input ID
GO Biological Processes,19,GO:0001935,endothelial cell proliferation,-2.2,4.4,3.6,24155,199,138,5,3.6,1.6,3690|4323|5629|6678|51378,ITGB3|MMP14|PROX1|SPARC|ANGPT4,0,Input ID
KEGG Pathway,24,hsa04510,Focal adhesion,-2.2,4.4,3.6,24155,199,138,5,3.6,1.6,1293|1298|3690|3695|3910,COL6A3|COL9A2|ITGB3|ITGB7|LAMA4,0,Input ID
GO Biological Processes,19,GO:1900449,regulation of glutamate receptor signaling pathway,-2.2,8.2,4.4,24155,64,138,3,2.2,1.2,88|10369|57554,ACTN2|CACNG2|LRRC7,0,Input ID
Reactome Gene Sets,6,R-HSA-1442490,Collagen degradation,-2.2,8.2,4.4,24155,64,138,3,2.2,1.2,1293|1298|4323,COL6A3|COL9A2|MMP14,0,Input ID
GO Biological Processes,19,GO:0031032,actomyosin structure organization,-2.2,4.4,3.6,24155,200,138,5,3.6,1.6,58|88|5629|10580|257019,ACTA1|ACTN2|PROX1|SORBS1|FRMD3,0,Input ID
GO Biological Processes,19,GO:0006940,regulation of smooth muscle contraction,-2.2,8.1,4.3,24155,65,138,3,2.2,1.2,1131|5592|255743,CHRM3|PRKG1|NPNT,0,Input ID
GO Biological Processes,19,GO:0002576,platelet degranulation,-2.2,5.5,3.8,24155,128,138,4,2.9,1.4,88|3690|6678|7078,ACTN2|ITGB3|SPARC|TIMP3,0,Input ID
GO Biological Processes,19,GO:0099072,regulation of postsynaptic membrane neurotransmitter receptor levels,-2.2,8,4.3,24155,66,138,3,2.2,1.2,3690|10369|57554,ITGB3|CACNG2|LRRC7,0,Input ID
GO Biological Processes,19,GO:0010595,positive regulation of endothelial cell migration,-2.2,5.4,3.8,24155,129,138,4,2.9,1.4,3690|5629|6678|51378,ITGB3|PROX1|SPARC|ANGPT4,0,Input ID
Reactome Gene Sets,6,R-HSA-114608,Platelet degranulation ,-2.2,5.4,3.8,24155,129,138,4,2.9,1.4,88|3690|6678|7078,ACTN2|ITGB3|SPARC|TIMP3,0,Input ID
GO Biological Processes,19,GO:0030155,regulation of cell adhesion,-2.2,2.5,3.1,24155,693,138,10,7.2,2.2,1236|3910|4323|4602|5592|7052|55679|79812|80709|255743,CCR7|LAMA4|MMP14|MYB|PRKG1|TGM2|LIMS2|MMRN2|AKNA|NPNT,0,Input ID
GO Biological Processes,19,GO:0034330,cell junction organization,-2.2,3.6,3.4,24155,291,138,6,4.3,1.7,88|1013|3852|4323|10580|55679,ACTN2|CDH15|KRT5|MMP14|SORBS1|LIMS2,0,Input ID
Reactome Gene Sets,6,R-HSA-112314,Neurotransmitter receptors and postsynaptic signal transmission,-2.2,4.2,3.5,24155,206,138,5,3.6,1.6,88|9568|10369|57554|116443,ACTN2|GABBR2|CACNG2|LRRC7|GRIN3A,0,Input ID
GO Biological Processes,19,GO:0033627,cell adhesion mediated by integrin,-2.2,7.7,4.2,24155,68,138,3,2.2,1.2,3690|3695|255743,ITGB3|ITGB7|NPNT,0,Input ID
GO Biological Processes,19,GO:0051146,striated muscle cell differentiation,-2.2,3.6,3.4,24155,295,138,6,4.3,1.7,58|88|4323|4868|5629|26585,ACTA1|ACTN2|MMP14|NPHS1|PROX1|GREM1,0,Input ID
Reactome Gene Sets,6,R-HSA-76005,Response to elevated platelet cytosolic Ca2+,-2.1,5.2,3.7,24155,134,138,4,2.9,1.4,88|3690|6678|7078,ACTN2|ITGB3|SPARC|TIMP3,0,Input ID
KEGG Pathway,24,hsa04810,Regulation of actin cytoskeleton,-2.1,4.1,3.5,24155,212,138,5,3.6,1.6,1131|3683|3690|3695|22808,CHRM3|ITGAL|ITGB3|ITGB7|MRAS,0,Input ID
GO Biological Processes,19,GO:0070482,response to oxygen levels,-2.1,3.1,3.2,24155,394,138,7,5.1,1.9,1543|4151|4323|4602|9915|51378|126374,CYP1A1|MB|MMP14|MYB|ARNT2|ANGPT4|WTIP,0,Input ID
GO Biological Processes,19,GO:0010810,regulation of cell-substrate adhesion,-2.1,4.1,3.4,24155,215,138,5,3.6,1.6,1236|4323|55679|79812|255743,CCR7|MMP14|LIMS2|MMRN2|NPNT,0,Input ID
GO Biological Processes,19,GO:0051155,positive regulation of striated muscle cell differentiation,-2.1,7.3,4.1,24155,72,138,3,2.2,1.2,4323|5629|26585,MMP14|PROX1|GREM1,0,Input ID
GO Biological Processes,19,GO:0030239,myofibril assembly,-2.1,7.2,4,24155,73,138,3,2.2,1.2,58|88|5629,ACTA1|ACTN2|PROX1,0,Input ID
GO Biological Processes,19,GO:0034332,adherens junction organization,-2,4.9,3.6,24155,142,138,4,2.9,1.4,88|1013|4323|10580,ACTN2|CDH15|MMP14|SORBS1,0,Input ID
Reactome Gene Sets,6,R-HSA-382551,Transport of small molecules,-2,2.4,2.9,24155,728,138,10,7.2,2.2,361|563|2281|4151|6248|6581|6582|7223|56606|80736,AQP4|AZGP1|FKBP1B|MB|RSC1A1|SLC22A3|SLC22A2|TRPC4|SLC2A9|SLC44A4,0,Input ID
Canonical Pathways,11,M160,PID AVB3 INTEGRIN PATHWAY,-2,7,3.9,24155,75,138,3,2.2,1.2,1293|1298|3690,COL6A3|COL9A2|ITGB3,0,Input ID
