,_MEMBER_Input ID,_LogP_Input ID,GO,Description,_PATTERN_,_RANK_,GiniIndex
19_GO:0042692,1,-2.8,GO:0042692,muscle cell differentiation,M1,1,0
6_R-HSA-425366,1,-2.8,R-HSA-425366,"Transport of bile salts and organic acids, metal ions and amine compounds",M1,1,0
11_M160,1,-2,M160,PID AVB3 INTEGRIN PATHWAY,M1,1,0
6_R-HSA-216083,1,-3.9,R-HSA-216083,Integrin cell surface interactions,M1,1,0
19_GO:0006940,1,-2.2,GO:0006940,regulation of smooth muscle contraction,M1,1,0
19_GO:0034332,1,-2,GO:0034332,adherens junction organization,M1,1,0
19_GO:0043113,1,-2.4,GO:0043113,receptor clustering,M1,1,0
19_GO:0099601,1,-3.1,GO:0099601,regulation of neurotransmitter receptor activity,M1,1,0
6_R-HSA-500792,1,-2.3,R-HSA-500792,GPCR ligand binding,M1,1,0
11_M3008,1,-3,M3008,NABA ECM GLYCOPROTEINS,M1,1,0
19_GO:0051491,1,-3.2,GO:0051491,positive regulation of filopodium assembly,M1,1,0
19_GO:0043542,1,-2.3,GO:0043542,endothelial cell migration,M1,1,0
6_R-HSA-382551,1,-2,R-HSA-382551,Transport of small molecules,M1,1,0
19_GO:0034329,1,-2.6,GO:0034329,cell junction assembly,M1,1,0
19_GO:0015695,1,-3,GO:0015695,organic cation transport,M1,1,0
19_GO:0030036,1,-2.3,GO:0030036,actin cytoskeleton organization,M1,1,0
19_GO:0045071,1,-2.3,GO:0045071,negative regulation of viral genome replication,M1,1,0
11_M5884,1,-4.5,M5884,NABA CORE MATRISOME,M1,1,0
6_R-HSA-1442490,1,-2.2,R-HSA-1442490,Collagen degradation,M1,1,0
6_R-HSA-76005,1,-2.1,R-HSA-76005,Response to elevated platelet cytosolic Ca2+,M1,1,0
19_GO:0007517,1,-3.2,GO:0007517,muscle organ development,M1,1,0
19_GO:0006836,1,-2.3,GO:0006836,neurotransmitter transport,M1,1,0
6_R-HSA-1474244,1,-4.2,R-HSA-1474244,Extracellular matrix organization,M1,1,0
19_GO:0070482,1,-2.1,GO:0070482,response to oxygen levels,M1,1,0
19_GO:0034330,1,-2.2,GO:0034330,cell junction organization,M1,1,0
24_hsa04512,1,-4,hsa04512,ECM-receptor interaction,M1,1,0
19_GO:0051668,1,-2.8,GO:0051668,localization within membrane,M1,1,0
19_GO:2000273,1,-2.9,GO:2000273,positive regulation of signaling receptor activity,M1,1,0
11_M18,1,-3.3,M18,PID INTEGRIN1 PATHWAY,M1,1,0
19_GO:0060537,1,-2.6,GO:0060537,muscle tissue development,M1,1,0
6_R-HSA-373076,1,-2.6,R-HSA-373076,Class A/1 (Rhodopsin-like receptors),M1,1,0
19_GO:0006936,1,-4.4,GO:0006936,muscle contraction,M1,1,0
19_GO:0001666,1,-2.3,GO:0001666,response to hypoxia,M1,1,0
19_GO:0010595,1,-2.2,GO:0010595,positive regulation of endothelial cell migration,M1,1,0
19_GO:0030029,1,-2.4,GO:0030029,actin filament-based process,M1,1,0
6_R-HSA-9609736,1,-2.8,R-HSA-9609736,Assembly and cell surface presentation of NMDA receptors,M1,1,0
11_M5887,1,-2.8,M5887,NABA BASEMENT MEMBRANES,M1,1,0
19_GO:0090130,1,-2.3,GO:0090130,tissue migration,M1,1,0
19_GO:0046847,1,-2.3,GO:0046847,filopodium assembly,M1,1,0
6_R-HSA-373753,1,-3.5,R-HSA-373753,Nephrin family interactions,M1,1,0
19_GO:0060538,1,-2.5,GO:0060538,skeletal muscle organ development,M1,1,0
6_R-HSA-3000178,1,-4.1,R-HSA-3000178,ECM proteoglycans,M1,1,0
19_GO:0030155,1,-2.2,GO:0030155,regulation of cell adhesion,M1,1,0
19_GO:0006939,1,-3.4,GO:0006939,smooth muscle contraction,M1,1,0
6_R-HSA-549132,1,-4.1,R-HSA-549132,Organic cation/anion/zwitterion transport,M1,1,0
19_GO:0051489,1,-2.7,GO:0051489,regulation of filopodium assembly,M1,1,0
19_GO:0010035,1,-2.3,GO:0010035,response to inorganic substance,M1,1,0
19_GO:0051149,1,-2.4,GO:0051149,positive regulation of muscle cell differentiation,M1,1,0
19_GO:0031623,1,-2.4,GO:0031623,receptor internalization,M1,1,0
19_GO:0014706,1,-2.7,GO:0014706,striated muscle tissue development,M1,1,0
19_GO:0001935,1,-2.2,GO:0001935,endothelial cell proliferation,M1,1,0
19_GO:0099072,1,-2.2,GO:0099072,regulation of postsynaptic membrane neurotransmitter receptor levels,M1,1,0
19_GO:0002576,1,-2.2,GO:0002576,platelet degranulation,M1,1,0
6_R-HSA-114608,1,-2.2,R-HSA-114608,Platelet degranulation ,M1,1,0
19_GO:0051146,1,-2.2,GO:0051146,striated muscle cell differentiation,M1,1,0
11_M47,1,-3.4,M47,PID INTEGRIN CS PATHWAY,M1,1,0
19_GO:0010810,1,-2.1,GO:0010810,regulation of cell-substrate adhesion,M1,1,0
6_R-HSA-397014,1,-2.9,R-HSA-397014,Muscle contraction,M1,1,0
19_GO:0036293,1,-2.3,GO:0036293,response to decreased oxygen levels,M1,1,0
19_GO:1900449,1,-2.2,GO:1900449,regulation of glutamate receptor signaling pathway,M1,1,0
19_GO:0031032,1,-2.2,GO:0031032,actomyosin structure organization,M1,1,0
19_GO:0030239,1,-2.1,GO:0030239,myofibril assembly,M1,1,0
19_GO:0003012,1,-3.5,GO:0003012,muscle system process,M1,1,0
6_R-HSA-549127,1,-4.7,R-HSA-549127,Organic cation transport,M1,1,0
24_hsa04810,1,-2.1,hsa04810,Regulation of actin cytoskeleton,M1,1,0
19_GO:0010469,1,-3.3,GO:0010469,regulation of signaling receptor activity,M1,1,0
19_GO:0046677,1,-2.5,GO:0046677,response to antibiotic,M1,1,0
6_R-HSA-1500931,1,-4,R-HSA-1500931,Cell-Cell communication,M1,1,0
19_GO:0007519,1,-2.6,GO:0007519,skeletal muscle tissue development,M1,1,0
6_R-HSA-112315,1,-2.3,R-HSA-112315,Transmission across Chemical Synapses,M1,1,0
19_GO:0007160,1,-5.2,GO:0007160,cell-matrix adhesion,M1,1,0
19_GO:0030198,1,-5.8,GO:0030198,extracellular matrix organization,M1,1,0
19_GO:0034762,1,-2.3,GO:0034762,regulation of transmembrane transport,M1,1,0
6_R-HSA-112316,1,-2.6,R-HSA-112316,Neuronal System,M1,1,0
24_hsa04151,1,-2.4,hsa04151,PI3K-Akt signaling pathway,M1,1,0
19_GO:0043062,1,-5.2,GO:0043062,extracellular structure organization,M1,1,0
24_hsa04024,1,-2.2,hsa04024,cAMP signaling pathway,M1,1,0
6_R-HSA-112314,1,-2.2,R-HSA-112314,Neurotransmitter receptors and postsynaptic signal transmission,M1,1,0
19_GO:0033627,1,-2.2,GO:0033627,cell adhesion mediated by integrin,M1,1,0
19_GO:0010811,1,-2.3,GO:0010811,positive regulation of cell-substrate adhesion,M1,1,0
19_GO:0031589,1,-5.2,GO:0031589,cell-substrate adhesion,M1,1,0
19_GO:0007044,1,-2.6,GO:0007044,cell-substrate junction assembly,M1,1,0
19_GO:0051155,1,-2.1,GO:0051155,positive regulation of striated muscle cell differentiation,M1,1,0
19_GO:0050900,1,-2.6,GO:0050900,leukocyte migration,M1,1,0
19_GO:0061061,1,-3.9,GO:0061061,muscle structure development,M1,1,0
24_hsa05412,1,-3.1,hsa05412,Arrhythmogenic right ventricular cardiomyopathy (ARVC),M1,1,0
19_GO:0007215,1,-2.6,GO:0007215,glutamate receptor signaling pathway,M1,1,0
24_hsa04510,1,-2.2,hsa04510,Focal adhesion,M1,1,0
19_GO:0007229,1,-2.5,GO:0007229,integrin-mediated signaling pathway,M1,1,0
