Category,CategoryID,GO,Description,LogP,Enrichment,Z-score,#TotalGeneInLibrary,#GeneInGO,#GeneInHitList,#GeneInGOAndHitList,%InGO,STDV %InGO,GeneID,Hits,Log(q-value),GeneList
GO Biological Processes,19,GO:0007411,axon guidance,-5.5,6.6,7,24155,276,132,10,7.6,2.3,1630|2886|5979|6585|54538|64218|64919|65249|91584|91624,DCC|GRB7|RET|SLIT1|ROBO4|SEMA4A|BCL11B|ZSWIM4|PLXNA4|NEXN,-1.7,Input ID
GO Biological Processes,19,GO:0097485,neuron projection guidance,-5.5,6.6,7,24155,277,132,10,7.6,2.3,1630|2886|5979|6585|54538|64218|64919|65249|91584|91624,DCC|GRB7|RET|SLIT1|ROBO4|SEMA4A|BCL11B|ZSWIM4|PLXNA4|NEXN,-1.7,Input ID
GO Biological Processes,19,GO:0010754,negative regulation of cGMP-mediated signaling,-5.5,91,16,24155,6,132,3,2.3,1.3,5138|7057|50940,PDE2A|THBS1|PDE11A,-1.7,Input ID
GO Biological Processes,19,GO:0006935,chemotaxis,-4.9,4,5.7,24155,645,132,14,11,2.7,1630|1880|2150|2886|2919|5979|6585|7057|54538|64218|64919|65249|91584|91624,DCC|GPR183|F2RL1|GRB7|CXCL1|RET|SLIT1|THBS1|ROBO4|SEMA4A|BCL11B|ZSWIM4|PLXNA4|NEXN,-1.3,Input ID
GO Biological Processes,19,GO:0042330,taxis,-4.9,4,5.7,24155,647,132,14,11,2.7,1630|1880|2150|2886|2919|5979|6585|7057|54538|64218|64919|65249|91584|91624,DCC|GPR183|F2RL1|GRB7|CXCL1|RET|SLIT1|THBS1|ROBO4|SEMA4A|BCL11B|ZSWIM4|PLXNA4|NEXN,-1.3,Input ID
GO Biological Processes,19,GO:0019934,cGMP-mediated signaling,-4.5,22,9,24155,33,132,4,3,1.5,358|5138|7057|50940,AQP1|PDE2A|THBS1|PDE11A,-0.97,Input ID
GO Biological Processes,19,GO:0071300,cellular response to retinoic acid,-4.4,13,7.6,24155,69,132,5,3.8,1.7,358|4058|5979|6096|8854,AQP1|LTK|RET|RORB|ALDH1A2,-0.96,Input ID
GO Biological Processes,19,GO:0007156,homophilic cell adhesion via plasma membrane adhesion molecules,-4.4,7.5,6.3,24155,170,132,7,5.3,2,5979|53841|54538|54549|56112|56141|91624,RET|CDHR5|ROBO4|SDK2|PCDHGA3|PCDHA7|NEXN,-0.96,Input ID
GO Biological Processes,19,GO:0010752,regulation of cGMP-mediated signaling,-4.3,39,11,24155,14,132,3,2.3,1.3,5138|7057|50940,PDE2A|THBS1|PDE11A,-0.89,Input ID
GO Biological Processes,19,GO:0061564,axon development,-3.9,3.9,5,24155,514,132,11,8.3,2.4,1630|2886|5979|6585|8578|54538|64218|64919|65249|91584|91624,DCC|GRB7|RET|SLIT1|SCARF1|ROBO4|SEMA4A|BCL11B|ZSWIM4|PLXNA4|NEXN,-0.59,Input ID
GO Biological Processes,19,GO:0007409,axonogenesis,-3.6,3.9,4.7,24155,468,132,10,7.6,2.3,1630|2886|5979|6585|54538|64218|64919|65249|91584|91624,DCC|GRB7|RET|SLIT1|ROBO4|SEMA4A|BCL11B|ZSWIM4|PLXNA4|NEXN,-0.31,Input ID
GO Biological Processes,19,GO:0042445,hormone metabolic process,-3.5,5.5,5.1,24155,232,132,7,5.3,2,1428|1594|2028|2672|8854|54760|83875,CRYM|CYP27B1|ENPEP|GFI1|ALDH1A2|PCSK4|BCO2,-0.3,Input ID
GO Biological Processes,19,GO:0032526,response to retinoic acid,-3.5,8.5,5.8,24155,108,132,5,3.8,1.7,358|4058|5979|6096|8854,AQP1|LTK|RET|RORB|ALDH1A2,-0.3,Input ID
GO Biological Processes,19,GO:0043951,negative regulation of cAMP-mediated signaling,-3.5,22,7.8,24155,25,132,3,2.3,1.3,4987|5138|50940,OPRL1|PDE2A|PDE11A,-0.3,Input ID
KEGG Pathway,24,hsa04950,Maturity onset diabetes of the young,-3.4,21,7.6,24155,26,132,3,2.3,1.3,3171|168620|389692,FOXA3|BHLHA15|MAFA,-0.28,Input ID
GO Biological Processes,19,GO:0010817,regulation of hormone levels,-3.2,3.4,4.2,24155,532,132,10,7.6,2.3,1428|1594|2028|2672|6580|8854|54760|83875|387597|389692,CRYM|CYP27B1|ENPEP|GFI1|SLC22A1|ALDH1A2|PCSK4|BCO2|ILDR2|MAFA,-0.057,Input ID
GO Biological Processes,19,GO:0019932,second-messenger-mediated signaling,-3.1,3.7,4.3,24155,440,132,9,6.8,2.2,358|933|4987|5138|7057|10267|50940|168620|389692,AQP1|CD22|OPRL1|PDE2A|THBS1|RAMP1|PDE11A|BHLHA15|MAFA,-0.057,Input ID
GO Biological Processes,19,GO:0042476,odontogenesis,-3.1,6.9,5.1,24155,132,132,5,3.8,1.7,358|3691|6331|8313|64919,AQP1|ITGB4|SCN5A|AXIN2|BCL11B,-0.054,Input ID
GO Biological Processes,19,GO:0098742,cell-cell adhesion via plasma-membrane adhesion molecules,-3.1,4.7,4.5,24155,275,132,7,5.3,2,5979|53841|54538|54549|56112|56141|91624,RET|CDHR5|ROBO4|SDK2|PCDHGA3|PCDHA7|NEXN,-0.054,Input ID
GO Biological Processes,19,GO:0098662,inorganic cation transmembrane transport,-3.1,2.9,4,24155,752,132,12,9.1,2.5,358|4987|5138|6331|9651|9963|10021|81615|92270|93589|168620|283518,AQP1|OPRL1|PDE2A|SCN5A|PLCH2|SLC23A1|HCN4|TMEM163|ATP6AP1L|CACNA2D4|BHLHA15|KCNRG,-0.04,Input ID
GO Biological Processes,19,GO:0048846,axon extension involved in axon guidance,-3,15,6.2,24155,37,132,3,2.3,1.3,6585|64218|91584,SLIT1|SEMA4A|PLXNA4,0,Input ID
GO Biological Processes,19,GO:1902284,neuron projection extension involved in neuron projection guidance,-3,15,6.2,24155,37,132,3,2.3,1.3,6585|64218|91584,SLIT1|SEMA4A|PLXNA4,0,Input ID
GO Biological Processes,19,GO:0019935,cyclic-nucleotide-mediated signaling,-2.9,5.1,4.5,24155,216,132,6,4.5,1.8,358|4987|5138|7057|10267|50940,AQP1|OPRL1|PDE2A|THBS1|RAMP1|PDE11A,0,Input ID
GO Biological Processes,19,GO:0050920,regulation of chemotaxis,-2.9,5.1,4.5,24155,217,132,6,4.5,1.8,1880|2150|7057|64218|65249|91584,GPR183|F2RL1|THBS1|SEMA4A|ZSWIM4|PLXNA4,0,Input ID
GO Biological Processes,19,GO:0048667,cell morphogenesis involved in neuron differentiation,-2.9,3.1,3.9,24155,583,132,10,7.6,2.3,1630|2886|5979|6585|54538|64218|64919|65249|91584|91624,DCC|GRB7|RET|SLIT1|ROBO4|SEMA4A|BCL11B|ZSWIM4|PLXNA4|NEXN,0,Input ID
GO Biological Processes,19,GO:0120035,regulation of plasma membrane bounded cell projection organization,-2.8,2.9,3.7,24155,698,132,11,8.3,2.4,1630|2150|2672|4058|5979|8578|53841|64218|65249|83715|91584,DCC|F2RL1|GFI1|LTK|RET|SCARF1|CDHR5|SEMA4A|ZSWIM4|ESPN|PLXNA4,0,Input ID
GO Biological Processes,19,GO:0006775,fat-soluble vitamin metabolic process,-2.8,13,5.7,24155,43,132,3,2.3,1.3,1594|2672|8854,CYP27B1|GFI1|ALDH1A2,0,Input ID
GO Biological Processes,19,GO:0031344,regulation of cell projection organization,-2.7,2.8,3.7,24155,708,132,11,8.3,2.4,1630|2150|2672|4058|5979|8578|53841|64218|65249|83715|91584,DCC|F2RL1|GFI1|LTK|RET|SCARF1|CDHR5|SEMA4A|ZSWIM4|ESPN|PLXNA4,0,Input ID
GO Biological Processes,19,GO:1902667,regulation of axon guidance,-2.7,12,5.6,24155,44,132,3,2.3,1.3,64218|65249|91584,SEMA4A|ZSWIM4|PLXNA4,0,Input ID
GO Biological Processes,19,GO:0050919,negative chemotaxis,-2.7,12,5.5,24155,46,132,3,2.3,1.3,6585|64218|91584,SLIT1|SEMA4A|PLXNA4,0,Input ID
GO Biological Processes,19,GO:0051591,response to cAMP,-2.7,7.5,4.8,24155,98,132,4,3,1.5,358|5138|5207|10021,AQP1|PDE2A|PFKFB1|HCN4,0,Input ID
GO Biological Processes,19,GO:0000904,cell morphogenesis involved in differentiation,-2.6,2.7,3.5,24155,745,132,11,8.3,2.4,1630|2886|5979|6585|6768|54538|64218|64919|65249|91584|91624,DCC|GRB7|RET|SLIT1|ST14|ROBO4|SEMA4A|BCL11B|ZSWIM4|PLXNA4|NEXN,0,Input ID
GO Biological Processes,19,GO:0043949,regulation of cAMP-mediated signaling,-2.6,11,5.2,24155,51,132,3,2.3,1.3,4987|5138|50940,OPRL1|PDE2A|PDE11A,0,Input ID
GO Biological Processes,19,GO:0062014,negative regulation of small molecule metabolic process,-2.5,6.8,4.5,24155,107,132,4,3,1.5,863|1594|2672|5207,CBFA2T3|CYP27B1|GFI1|PFKFB1,0,Input ID
GO Biological Processes,19,GO:0008015,blood circulation,-2.5,3,3.6,24155,541,132,9,6.8,2.2,2028|2150|4987|5138|5742|6331|10021|10659|93589,ENPEP|F2RL1|OPRL1|PDE2A|PTGS1|SCN5A|HCN4|CELF2|CACNA2D4,0,Input ID
GO Biological Processes,19,GO:0048812,neuron projection morphogenesis,-2.5,2.8,3.5,24155,648,132,10,7.6,2.3,1630|2886|5979|6585|54538|64218|64919|65249|91584|91624,DCC|GRB7|RET|SLIT1|ROBO4|SEMA4A|BCL11B|ZSWIM4|PLXNA4|NEXN,0,Input ID
GO Biological Processes,19,GO:0008361,regulation of cell size,-2.5,5.1,4.1,24155,180,132,5,3.8,1.7,358|1630|5979|64218|91584,AQP1|DCC|RET|SEMA4A|PLXNA4,0,Input ID
GO Biological Processes,19,GO:0071320,cellular response to cAMP,-2.5,10,5,24155,54,132,3,2.3,1.3,358|5138|10021,AQP1|PDE2A|HCN4,0,Input ID
GO Biological Processes,19,GO:0003013,circulatory system process,-2.5,3,3.5,24155,551,132,9,6.8,2.2,2028|2150|4987|5138|5742|6331|10021|10659|93589,ENPEP|F2RL1|OPRL1|PDE2A|PTGS1|SCN5A|HCN4|CELF2|CACNA2D4,0,Input ID
GO Biological Processes,19,GO:0050770,regulation of axonogenesis,-2.5,5,4,24155,183,132,5,3.8,1.7,1630|5979|64218|65249|91584,DCC|RET|SEMA4A|ZSWIM4|PLXNA4,0,Input ID
GO Biological Processes,19,GO:0120039,plasma membrane bounded cell projection morphogenesis,-2.5,2.8,3.4,24155,662,132,10,7.6,2.3,1630|2886|5979|6585|54538|64218|64919|65249|91584|91624,DCC|GRB7|RET|SLIT1|ROBO4|SEMA4A|BCL11B|ZSWIM4|PLXNA4|NEXN,0,Input ID
GO Biological Processes,19,GO:0048858,cell projection morphogenesis,-2.4,2.7,3.4,24155,666,132,10,7.6,2.3,1630|2886|5979|6585|54538|64218|64919|65249|91584|91624,DCC|GRB7|RET|SLIT1|ROBO4|SEMA4A|BCL11B|ZSWIM4|PLXNA4|NEXN,0,Input ID
GO Biological Processes,19,GO:0001654,eye development,-2.4,3.5,3.6,24155,362,132,7,5.3,2,4237|5979|6096|6297|8854|54549|64919,MFAP2|RET|RORB|SALL2|ALDH1A2|SDK2|BCL11B,0,Input ID
GO Biological Processes,19,GO:1902532,negative regulation of intracellular signal transduction,-2.4,2.9,3.4,24155,567,132,9,6.8,2.2,933|2150|4987|5138|7057|50940|54922|161725|220441,CD22|F2RL1|OPRL1|PDE2A|THBS1|PDE11A|RASIP1|OTUD7A|RNF152,0,Input ID
GO Biological Processes,19,GO:0150063,visual system development,-2.4,3.5,3.6,24155,366,132,7,5.3,2,4237|5979|6096|6297|8854|54549|64919,MFAP2|RET|RORB|SALL2|ALDH1A2|SDK2|BCL11B,0,Input ID
Canonical Pathways,11,M5884,NABA CORE MATRISOME,-2.4,4,3.7,24155,275,132,6,4.5,1.8,1101|4237|6585|7057|79883|169044,CHAD|MFAP2|SLIT1|THBS1|PODNL1|COL22A1,0,Input ID
GO Biological Processes,19,GO:0032535,regulation of cellular component size,-2.4,3.5,3.5,24155,370,132,7,5.3,2,358|1630|2150|5979|53841|64218|91584,AQP1|DCC|F2RL1|RET|CDHR5|SEMA4A|PLXNA4,0,Input ID
GO Biological Processes,19,GO:0048880,sensory system development,-2.4,3.5,3.5,24155,371,132,7,5.3,2,4237|5979|6096|6297|8854|54549|64919,MFAP2|RET|RORB|SALL2|ALDH1A2|SDK2|BCL11B,0,Input ID
GO Biological Processes,19,GO:0032990,cell part morphogenesis,-2.4,2.7,3.3,24155,685,132,10,7.6,2.3,1630|2886|5979|6585|54538|64218|64919|65249|91584|91624,DCC|GRB7|RET|SLIT1|ROBO4|SEMA4A|BCL11B|ZSWIM4|PLXNA4|NEXN,0,Input ID
GO Biological Processes,19,GO:0070838,divalent metal ion transport,-2.3,3,3.3,24155,483,132,8,6.1,2.1,1594|4987|5138|9651|10267|81615|93589|168620,CYP27B1|OPRL1|PDE2A|PLCH2|RAMP1|TMEM163|CACNA2D4|BHLHA15,0,Input ID
GO Biological Processes,19,GO:0072511,divalent inorganic cation transport,-2.3,3,3.3,24155,489,132,8,6.1,2.1,1594|4987|5138|9651|10267|81615|93589|168620,CYP27B1|OPRL1|PDE2A|PLCH2|RAMP1|TMEM163|CACNA2D4|BHLHA15,0,Input ID
GO Biological Processes,19,GO:0071229,cellular response to acid chemical,-2.2,4.4,3.6,24155,209,132,5,3.8,1.7,358|4058|5979|6096|8854,AQP1|LTK|RET|RORB|ALDH1A2,0,Input ID
GO Biological Processes,19,GO:0010975,regulation of neuron projection development,-2.2,2.9,3.2,24155,499,132,8,6.1,2.1,1630|2672|4058|5979|8578|64218|65249|91584,DCC|GFI1|LTK|RET|SCARF1|SEMA4A|ZSWIM4|PLXNA4,0,Input ID
GO Biological Processes,19,GO:0071396,cellular response to lipid,-2.2,2.7,3.2,24155,610,132,9,6.8,2.2,358|1594|2672|2919|4058|5979|6096|8854|23209,AQP1|CYP27B1|GFI1|CXCL1|LTK|RET|RORB|ALDH1A2|MLC1,0,Input ID
GO Biological Processes,19,GO:0006766,vitamin metabolic process,-2.2,5.4,3.8,24155,135,132,4,3,1.5,1594|2672|8854|9963,CYP27B1|GFI1|ALDH1A2|SLC23A1,0,Input ID
GO Biological Processes,19,GO:0046683,response to organophosphorus,-2.2,5.4,3.8,24155,135,132,4,3,1.5,358|5138|5207|10021,AQP1|PDE2A|PFKFB1|HCN4,0,Input ID
GO Biological Processes,19,GO:1901616,organic hydroxy compound catabolic process,-2.1,7.4,4.1,24155,74,132,3,2.3,1.3,1594|8578|26002,CYP27B1|SCARF1|MOXD1,0,Input ID
Canonical Pathways,11,M5885,NABA MATRISOME ASSOCIATED,-2.1,2.4,3,24155,753,132,10,7.6,2.3,2919|4320|5104|6276|6768|8530|64218|91584|200958|728113,CXCL1|MMP11|SERPINA5|S100A5|ST14|CST7|SEMA4A|PLXNA4|MUC20|ANXA8L1,0,Input ID
GO Biological Processes,19,GO:0001568,blood vessel development,-2,2.4,2.9,24155,762,132,10,7.6,2.3,358|2028|5138|7057|8854|10267|51666|54538|54922|64218,AQP1|ENPEP|PDE2A|THBS1|ALDH1A2|RAMP1|ASB4|ROBO4|RASIP1|SEMA4A,0,Input ID
GO Biological Processes,19,GO:0014074,response to purine-containing compound,-2,4.9,3.5,24155,150,132,4,3,1.5,358|5138|5207|10021,AQP1|PDE2A|PFKFB1|HCN4,0,Input ID
GO Biological Processes,19,GO:0021954,central nervous system neuron development,-2,6.9,3.9,24155,80,132,3,2.3,1.3,1630|6585|91584,DCC|SLIT1|PLXNA4,0,Input ID
GO Biological Processes,19,GO:0016485,protein processing,-2,3.3,3.2,24155,330,132,6,4.5,1.8,733|2028|7057|8530|54760|56265,C8G|ENPEP|THBS1|CST7|PCSK4|CPXM1,0,Input ID
GO Biological Processes,19,GO:0000187,activation of MAPK activity,-2,4.8,3.5,24155,152,132,4,3,1.5,2785|5979|7057|200958,GNG3|RET|THBS1|MUC20,0,Input ID
GO Biological Processes,19,GO:0006816,calcium ion transport,-2,3,3,24155,434,132,7,5.3,2,1594|4987|5138|9651|10267|93589|168620,CYP27B1|OPRL1|PDE2A|PLCH2|RAMP1|CACNA2D4|BHLHA15,0,Input ID
