,_MEMBER_Input ID,_LogP_Input ID,GO,Description,_PATTERN_,_RANK_,GiniIndex
19_GO:0048858,1,-2.4,GO:0048858,cell projection morphogenesis,M1,1,0
19_GO:0042330,1,-4.9,GO:0042330,taxis,M1,1,0
19_GO:0006816,1,-2,GO:0006816,calcium ion transport,M1,1,0
19_GO:0097485,1,-5.5,GO:0097485,neuron projection guidance,M1,1,0
19_GO:0007411,1,-5.5,GO:0007411,axon guidance,M1,1,0
19_GO:0032990,1,-2.4,GO:0032990,cell part morphogenesis,M1,1,0
19_GO:0061564,1,-3.9,GO:0061564,axon development,M1,1,0
19_GO:0071320,1,-2.5,GO:0071320,cellular response to cAMP,M1,1,0
19_GO:0150063,1,-2.4,GO:0150063,visual system development,M1,1,0
24_hsa04950,1,-3.4,hsa04950,Maturity onset diabetes of the young,M1,1,0
19_GO:0003013,1,-2.5,GO:0003013,circulatory system process,M1,1,0
19_GO:0043951,1,-3.5,GO:0043951,negative regulation of cAMP-mediated signaling,M1,1,0
19_GO:0043949,1,-2.6,GO:0043949,regulation of cAMP-mediated signaling,M1,1,0
19_GO:0021954,1,-2,GO:0021954,central nervous system neuron development,M1,1,0
19_GO:0007156,1,-4.4,GO:0007156,homophilic cell adhesion via plasma membrane adhesion molecules,M1,1,0
19_GO:0019934,1,-4.5,GO:0019934,cGMP-mediated signaling,M1,1,0
19_GO:0071229,1,-2.2,GO:0071229,cellular response to acid chemical,M1,1,0
19_GO:0048880,1,-2.4,GO:0048880,sensory system development,M1,1,0
19_GO:0046683,1,-2.2,GO:0046683,response to organophosphorus,M1,1,0
19_GO:0000904,1,-2.6,GO:0000904,cell morphogenesis involved in differentiation,M1,1,0
19_GO:0010752,1,-4.3,GO:0010752,regulation of cGMP-mediated signaling,M1,1,0
19_GO:0050920,1,-2.9,GO:0050920,regulation of chemotaxis,M1,1,0
19_GO:0120035,1,-2.8,GO:0120035,regulation of plasma membrane bounded cell projection organization,M1,1,0
19_GO:0120039,1,-2.5,GO:0120039,plasma membrane bounded cell projection morphogenesis,M1,1,0
19_GO:0071396,1,-2.2,GO:0071396,cellular response to lipid,M1,1,0
19_GO:0042476,1,-3.1,GO:0042476,odontogenesis,M1,1,0
19_GO:0048846,1,-3,GO:0048846,axon extension involved in axon guidance,M1,1,0
19_GO:0010817,1,-3.2,GO:0010817,regulation of hormone levels,M1,1,0
19_GO:0019932,1,-3.1,GO:0019932,second-messenger-mediated signaling,M1,1,0
19_GO:0032526,1,-3.5,GO:0032526,response to retinoic acid,M1,1,0
19_GO:0001568,1,-2,GO:0001568,blood vessel development,M1,1,0
19_GO:0008015,1,-2.5,GO:0008015,blood circulation,M1,1,0
11_M5885,1,-2.1,M5885,NABA MATRISOME ASSOCIATED,M1,1,0
19_GO:1902667,1,-2.7,GO:1902667,regulation of axon guidance,M1,1,0
19_GO:0072511,1,-2.3,GO:0072511,divalent inorganic cation transport,M1,1,0
19_GO:0062014,1,-2.5,GO:0062014,negative regulation of small molecule metabolic process,M1,1,0
19_GO:0010754,1,-5.5,GO:0010754,negative regulation of cGMP-mediated signaling,M1,1,0
11_M5884,1,-2.4,M5884,NABA CORE MATRISOME,M1,1,0
19_GO:0070838,1,-2.3,GO:0070838,divalent metal ion transport,M1,1,0
19_GO:0098662,1,-3.1,GO:0098662,inorganic cation transmembrane transport,M1,1,0
19_GO:0016485,1,-2,GO:0016485,protein processing,M1,1,0
19_GO:0050770,1,-2.5,GO:0050770,regulation of axonogenesis,M1,1,0
19_GO:0010975,1,-2.2,GO:0010975,regulation of neuron projection development,M1,1,0
19_GO:0008361,1,-2.5,GO:0008361,regulation of cell size,M1,1,0
19_GO:0032535,1,-2.4,GO:0032535,regulation of cellular component size,M1,1,0
19_GO:0051591,1,-2.7,GO:0051591,response to cAMP,M1,1,0
19_GO:0048812,1,-2.5,GO:0048812,neuron projection morphogenesis,M1,1,0
19_GO:0048667,1,-2.9,GO:0048667,cell morphogenesis involved in neuron differentiation,M1,1,0
19_GO:0006766,1,-2.2,GO:0006766,vitamin metabolic process,M1,1,0
19_GO:0098742,1,-3.1,GO:0098742,cell-cell adhesion via plasma-membrane adhesion molecules,M1,1,0
19_GO:0031344,1,-2.7,GO:0031344,regulation of cell projection organization,M1,1,0
19_GO:1901616,1,-2.1,GO:1901616,organic hydroxy compound catabolic process,M1,1,0
19_GO:1902532,1,-2.4,GO:1902532,negative regulation of intracellular signal transduction,M1,1,0
19_GO:0042445,1,-3.5,GO:0042445,hormone metabolic process,M1,1,0
19_GO:0019935,1,-2.9,GO:0019935,cyclic-nucleotide-mediated signaling,M1,1,0
19_GO:0006775,1,-2.8,GO:0006775,fat-soluble vitamin metabolic process,M1,1,0
19_GO:0000187,1,-2,GO:0000187,activation of MAPK activity,M1,1,0
19_GO:0006935,1,-4.9,GO:0006935,chemotaxis,M1,1,0
19_GO:0071300,1,-4.4,GO:0071300,cellular response to retinoic acid,M1,1,0
19_GO:0007409,1,-3.6,GO:0007409,axonogenesis,M1,1,0
19_GO:0014074,1,-2,GO:0014074,response to purine-containing compound,M1,1,0
19_GO:0001654,1,-2.4,GO:0001654,eye development,M1,1,0
19_GO:0050919,1,-2.7,GO:0050919,negative chemotaxis,M1,1,0
19_GO:1902284,1,-3,GO:1902284,neuron projection extension involved in neuron projection guidance,M1,1,0
