Name,Category,CategoryID,GO,Description,LogP,Enrichment,Z-score,#TotalGeneInLibrary,#GeneInGO,#GeneInHitList,#GeneInGOAndHitList,%InGO,STDV %InGO,GeneID,Hits,Log(q-value)
Input ID,GO Biological Processes,19,GO:0006935,chemotaxis,-7.3,17,11,24155,645,15,7,47,13,1630|2150|2886|2919|5979|6585|64919,DCC|F2RL1|GRB7|CXCL1|RET|SLIT1|BCL11B,-3.3
Input ID,GO Biological Processes,19,GO:0042330,taxis,-7.3,17,11,24155,647,15,7,47,13,1630|2150|2886|2919|5979|6585|64919,DCC|F2RL1|GRB7|CXCL1|RET|SLIT1|BCL11B,-3.3
Input ID,GO Biological Processes,19,GO:0007411,axon guidance,-6.3,29,12,24155,276,15,5,33,12,1630|2886|5979|6585|64919,DCC|GRB7|RET|SLIT1|BCL11B,-2.6
Input ID,GO Biological Processes,19,GO:0097485,neuron projection guidance,-6.3,29,12,24155,277,15,5,33,12,1630|2886|5979|6585|64919,DCC|GRB7|RET|SLIT1|BCL11B,-2.6
Input ID,GO Biological Processes,19,GO:0000904,cell morphogenesis involved in differentiation,-5.5,13,8.3,24155,745,15,6,40,13,1630|2886|5979|6585|6768|64919,DCC|GRB7|RET|SLIT1|ST14|BCL11B,-1.9
Input ID,GO Biological Processes,19,GO:0007409,axonogenesis,-5.2,17,8.8,24155,468,15,5,33,12,1630|2886|5979|6585|64919,DCC|GRB7|RET|SLIT1|BCL11B,-1.8
Input ID,GO Biological Processes,19,GO:0061564,axon development,-5,16,8.4,24155,514,15,5,33,12,1630|2886|5979|6585|64919,DCC|GRB7|RET|SLIT1|BCL11B,-1.7
Input ID,GO Biological Processes,19,GO:0048667,cell morphogenesis involved in neuron differentiation,-4.7,14,7.8,24155,583,15,5,33,12,1630|2886|5979|6585|64919,DCC|GRB7|RET|SLIT1|BCL11B,-1.5
Input ID,GO Biological Processes,19,GO:0048812,neuron projection morphogenesis,-4.5,12,7.3,24155,648,15,5,33,12,1630|2886|5979|6585|64919,DCC|GRB7|RET|SLIT1|BCL11B,-1.3
Input ID,GO Biological Processes,19,GO:0120039,plasma membrane bounded cell projection morphogenesis,-4.4,12,7.3,24155,662,15,5,33,12,1630|2886|5979|6585|64919,DCC|GRB7|RET|SLIT1|BCL11B,-1.3
Input ID,GO Biological Processes,19,GO:0048858,cell projection morphogenesis,-4.4,12,7.2,24155,666,15,5,33,12,1630|2886|5979|6585|64919,DCC|GRB7|RET|SLIT1|BCL11B,-1.3
Input ID,GO Biological Processes,19,GO:0032990,cell part morphogenesis,-4.4,12,7.1,24155,685,15,5,33,12,1630|2886|5979|6585|64919,DCC|GRB7|RET|SLIT1|BCL11B,-1.3
Input ID,GO Biological Processes,19,GO:0016331,morphogenesis of embryonic epithelium,-4,32,9.6,24155,150,15,3,20,10,5979|6768|8854,RET|ST14|ALDH1A2,-0.91
Input ID,Reactome Gene Sets,6,R-HSA-500792,GPCR ligand binding,-3.8,14,7,24155,457,15,4,27,11,2150|2919|4987|50832,F2RL1|CXCL1|OPRL1|TAS2R4,-0.77
Input ID,GO Biological Processes,19,GO:0021953,central nervous system neuron differentiation,-3.7,26,8.5,24155,185,15,3,20,10,1630|6585|64919,DCC|SLIT1|BCL11B,-0.69
Input ID,Reactome Gene Sets,6,R-HSA-375276,Peptide ligand-binding receptors,-3.7,25,8.4,24155,190,15,3,20,10,2150|2919|4987,F2RL1|CXCL1|OPRL1,-0.69
Input ID,GO Biological Processes,19,GO:0050900,leukocyte migration,-3.7,13,6.7,24155,501,15,4,27,11,2150|2886|2919|5979,F2RL1|GRB7|CXCL1|RET,-0.69
Input ID,GO Biological Processes,19,GO:0002064,epithelial cell development,-3.6,23,7.9,24155,212,15,3,20,10,2150|6768|64919,F2RL1|ST14|BCL11B,-0.58
Input ID,Reactome Gene Sets,6,R-HSA-422475,Axon guidance,-3.5,12,6.3,24155,553,15,4,27,11,1630|2886|5979|6585,DCC|GRB7|RET|SLIT1,-0.56
Input ID,GO Biological Processes,19,GO:0021700,developmental maturation,-3.2,17,6.8,24155,284,15,3,20,10,5979|8854|54760,RET|ALDH1A2|PCSK4,-0.24
Input ID,GO Biological Processes,19,GO:0043010,camera-type eye development,-3.1,15,6.4,24155,314,15,3,20,10,5979|8854|64919,RET|ALDH1A2|BCL11B,-0.14
Input ID,Reactome Gene Sets,6,R-HSA-373076,Class A/1 (Rhodopsin-like receptors),-3,15,6.3,24155,324,15,3,20,10,2150|2919|4987,F2RL1|CXCL1|OPRL1,-0.11
Input ID,GO Biological Processes,19,GO:0008285,negative regulation of cell proliferation,-3,8.5,5.2,24155,762,15,4,27,11,863|2919|8854|64919,CBFA2T3|CXCL1|ALDH1A2|BCL11B,-0.11
Input ID,GO Biological Processes,19,GO:0072330,monocarboxylic acid biosynthetic process,-2.9,14,6.1,24155,344,15,3,20,10,863|8854|83401,CBFA2T3|ALDH1A2|ELOVL3,-0.07
Input ID,GO Biological Processes,19,GO:0001654,eye development,-2.9,13,5.9,24155,362,15,3,20,10,5979|8854|64919,RET|ALDH1A2|BCL11B,-0.034
Input ID,GO Biological Processes,19,GO:0150063,visual system development,-2.9,13,5.9,24155,366,15,3,20,10,5979|8854|64919,RET|ALDH1A2|BCL11B,-0.034
Input ID,GO Biological Processes,19,GO:0032535,regulation of cellular component size,-2.8,13,5.8,24155,370,15,3,20,10,1630|2150|5979,DCC|F2RL1|RET,-0.034
Input ID,GO Biological Processes,19,GO:0048880,sensory system development,-2.8,13,5.8,24155,371,15,3,20,10,5979|8854|64919,RET|ALDH1A2|BCL11B,-0.034
Input ID,GO Biological Processes,19,GO:0030900,forebrain development,-2.8,13,5.7,24155,382,15,3,20,10,6585|8854|64919,SLIT1|ALDH1A2|BCL11B,-0.011
Input ID,Reactome Gene Sets,6,R-HSA-418594,G alpha (i) signalling events,-2.7,12,5.5,24155,407,15,3,20,10,2919|4987|50832,CXCL1|OPRL1|TAS2R4,0
Input ID,GO Biological Processes,19,GO:0046394,carboxylic acid biosynthetic process,-2.6,10,5.1,24155,464,15,3,20,10,863|8854|83401,CBFA2T3|ALDH1A2|ELOVL3,0
Input ID,GO Biological Processes,19,GO:0016053,organic acid biosynthetic process,-2.6,10,5.1,24155,465,15,3,20,10,863|8854|83401,CBFA2T3|ALDH1A2|ELOVL3,0
Input ID,GO Biological Processes,19,GO:0090066,regulation of anatomical structure size,-2.5,9.5,4.8,24155,507,15,3,20,10,1630|2150|5979,DCC|F2RL1|RET,0
Input ID,GO Biological Processes,19,GO:0002521,leukocyte differentiation,-2.4,9.4,4.8,24155,516,15,3,20,10,863|2150|64919,CBFA2T3|F2RL1|BCL11B,0
Input ID,GO Biological Processes,19,GO:0002009,morphogenesis of an epithelium,-2.4,8.9,4.7,24155,540,15,3,20,10,5979|6768|8854,RET|ST14|ALDH1A2,0
Input ID,GO Biological Processes,19,GO:0030335,positive regulation of cell migration,-2.4,8.9,4.6,24155,544,15,3,20,10,2150|2886|5979,F2RL1|GRB7|RET,0
Input ID,GO Biological Processes,19,GO:0007423,sensory organ development,-2.4,8.8,4.6,24155,548,15,3,20,10,5979|8854|64919,RET|ALDH1A2|BCL11B,0
Input ID,GO Biological Processes,19,GO:0043410,positive regulation of MAPK cascade,-2.4,8.8,4.6,24155,548,15,3,20,10,2150|5979|200958,F2RL1|RET|MUC20,0
Input ID,GO Biological Processes,19,GO:2000147,positive regulation of cell motility,-2.3,8.5,4.5,24155,568,15,3,20,10,2150|2886|5979,F2RL1|GRB7|RET,0
Input ID,GO Biological Processes,19,GO:0051272,positive regulation of cellular component movement,-2.3,8.3,4.4,24155,585,15,3,20,10,2150|2886|5979,F2RL1|GRB7|RET,0
Input ID,GO Biological Processes,19,GO:0048598,embryonic morphogenesis,-2.3,8.2,4.4,24155,586,15,3,20,10,5979|6768|8854,RET|ST14|ALDH1A2,0
Input ID,GO Biological Processes,19,GO:0040017,positive regulation of locomotion,-2.3,8.1,4.4,24155,598,15,3,20,10,2150|2886|5979,F2RL1|GRB7|RET,0
Input ID,GO Biological Processes,19,GO:0071396,cellular response to lipid,-2.2,7.9,4.3,24155,610,15,3,20,10,2919|5979|8854,CXCL1|RET|ALDH1A2,0
Input ID,GO Biological Processes,19,GO:0032787,monocarboxylic acid metabolic process,-2.2,7.4,4.1,24155,653,15,3,20,10,863|8854|83401,CBFA2T3|ALDH1A2|ELOVL3,0
Input ID,GO Biological Processes,19,GO:0045664,regulation of neuron differentiation,-2.1,7.4,4.1,24155,656,15,3,20,10,1630|5979|64919,DCC|RET|BCL11B,0
Input ID,GO Biological Processes,19,GO:0048729,tissue morphogenesis,-2.1,7.2,4,24155,674,15,3,20,10,5979|6768|8854,RET|ST14|ALDH1A2,0
Input ID,GO Biological Processes,19,GO:0120035,regulation of plasma membrane bounded cell projection organization,-2.1,6.9,4,24155,698,15,3,20,10,1630|2150|5979,DCC|F2RL1|RET,0
Input ID,GO Biological Processes,19,GO:0031344,regulation of cell projection organization,-2.1,6.8,3.9,24155,708,15,3,20,10,1630|2150|5979,DCC|F2RL1|RET,0
Input ID,GO Biological Processes,19,GO:0007169,transmembrane receptor protein tyrosine kinase signaling pathway,-2,6.7,3.9,24155,722,15,3,20,10,2886|5979|200958,GRB7|RET|MUC20,0
Input ID,GO Biological Processes,19,GO:0007420,brain development,-2,6.6,3.8,24155,734,15,3,20,10,6585|8854|64919,SLIT1|ALDH1A2|BCL11B,0
Input ID_MCODE_ALL,Reactome Gene Sets,6,R-HSA-418594,G alpha (i) signalling events,-5.3,59,13,24155,407,3,3,1e+02,27,2919|4987|50832,CXCL1|OPRL1|TAS2R4,-1.9
Input ID_MCODE_ALL,Reactome Gene Sets,6,R-HSA-500792,GPCR ligand binding,-5.2,53,12,24155,457,3,3,1e+02,27,2919|4987|50832,CXCL1|OPRL1|TAS2R4,-1.8
Input ID_SUB1_MCODE_1,Reactome Gene Sets,6,R-HSA-418594,G alpha (i) signalling events,-5.3,59,13,24155,407,3,3,1e+02,27,2919|4987|50832,CXCL1|OPRL1|TAS2R4,-1.9
Input ID_SUB1_MCODE_1,Reactome Gene Sets,6,R-HSA-500792,GPCR ligand binding,-5.2,53,12,24155,457,3,3,1e+02,27,2919|4987|50832,CXCL1|OPRL1|TAS2R4,-1.8
