Name,Category,CategoryID,GO,Description,LogP,Enrichment,Z-score,#TotalGeneInLibrary,#GeneInGO,#GeneInHitList,#GeneInGOAndHitList,%InGO,STDV %InGO,GeneID,Hits,Log(q-value)
Input ID,Reactome Gene Sets,6,R-HSA-500792,GPCR ligand binding,-8.1,18,11,24155,457,24,8,33,9.6,1131|1233|1236|2867|3363|4886|9568|27198,CHRM3|CCR4|CCR7|FFAR2|HTR7|NPY1R|GABBR2|HCAR1,-4.4
Input ID,Reactome Gene Sets,6,R-HSA-373076,Class A/1 (Rhodopsin-like receptors),-7.7,22,12,24155,324,24,7,29,9.3,1131|1233|1236|2867|3363|4886|27198,CHRM3|CCR4|CCR7|FFAR2|HTR7|NPY1R|HCAR1,-4.1
Input ID,Reactome Gene Sets,6,R-HSA-373753,Nephrin family interactions,-5.8,1.3e+02,20,24155,23,24,3,12,6.8,88|4868|84063,ACTN2|NPHS1|KIRREL2,-2.5
Input ID,GO Biological Processes,19,GO:0032103,positive regulation of response to external stimulus,-4.8,16,8.3,24155,323,24,5,21,8.3,1233|1236|2281|2867|7052,CCR4|CCR7|FKBP1B|FFAR2|TGM2,-1.7
Input ID,GO Biological Processes,19,GO:0006936,muscle contraction,-4.6,14,7.8,24155,360,24,5,21,8.3,58|88|1131|2281|3363,ACTA1|ACTN2|CHRM3|FKBP1B|HTR7,-1.5
Input ID,KEGG Pathway,24,hsa04024,cAMP signaling pathway,-4.4,20,8.6,24155,198,24,4,17,7.6,2867|4886|9568|27198,FFAR2|NPY1R|GABBR2|HCAR1,-1.3
Input ID,Reactome Gene Sets,6,R-HSA-418594,G alpha (i) signalling events,-4.4,12,7.3,24155,407,24,5,21,8.3,1233|1236|4886|9568|27198,CCR4|CCR7|NPY1R|GABBR2|HCAR1,-1.3
Input ID,GO Biological Processes,19,GO:0003012,muscle system process,-4.1,11,6.7,24155,465,24,5,21,8.3,58|88|1131|2281|3363,ACTA1|ACTN2|CHRM3|FKBP1B|HTR7,-1
Input ID,GO Biological Processes,19,GO:0090066,regulation of anatomical structure size,-3.9,9.9,6.4,24155,507,24,5,21,8.3,88|1131|1236|3363|4868,ACTN2|CHRM3|CCR7|HTR7|NPHS1,-0.87
Input ID,KEGG Pathway,24,hsa04080,Neuroactive ligand-receptor interaction,-3.8,15,7.1,24155,277,24,4,17,7.6,1131|3363|4886|9568,CHRM3|HTR7|NPY1R|GABBR2,-0.81
Input ID,GO Biological Processes,19,GO:0006939,smooth muscle contraction,-3.8,27,8.8,24155,110,24,3,12,6.8,1131|2281|3363,CHRM3|FKBP1B|HTR7,-0.77
Input ID,Reactome Gene Sets,6,R-HSA-449836,Other interleukin signaling,-3.7,14,7,24155,290,24,4,17,7.6,88|3690|5803|57554,ACTN2|ITGB3|PTPRZ1|LRRC7,-0.77
Input ID,GO Biological Processes,19,GO:0010035,response to inorganic substance,-3.7,9,6,24155,562,24,5,21,8.3,58|1236|2281|4602|6678,ACTA1|CCR7|FKBP1B|MYB|SPARC,-0.75
Input ID,GO Biological Processes,19,GO:0007204,positive regulation of cytosolic calcium ion concentration,-3.6,13,6.6,24155,319,24,4,17,7.6,1233|1236|2281|7052,CCR4|CCR7|FKBP1B|TGM2,-0.68
Input ID,GO Biological Processes,19,GO:0002576,platelet degranulation,-3.6,24,8.1,24155,128,24,3,12,6.8,88|3690|6678,ACTN2|ITGB3|SPARC,-0.68
Input ID,Reactome Gene Sets,6,R-HSA-1500931,Cell-Cell communication,-3.6,23,8,24155,129,24,3,12,6.8,88|4868|84063,ACTN2|NPHS1|KIRREL2,-0.68
Input ID,Reactome Gene Sets,6,R-HSA-114608,Platelet degranulation ,-3.6,23,8,24155,129,24,3,12,6.8,88|3690|6678,ACTN2|ITGB3|SPARC,-0.68
Input ID,GO Biological Processes,19,GO:0046677,response to antibiotic,-3.5,12,6.5,24155,328,24,4,17,7.6,1233|2281|4602|6678,CCR4|FKBP1B|MYB|SPARC,-0.68
Input ID,GO Biological Processes,19,GO:0051235,maintenance of location,-3.5,12,6.5,24155,330,24,4,17,7.6,1236|2281|2867|3690,CCR7|FKBP1B|FFAR2|ITGB3,-0.68
Input ID,Reactome Gene Sets,6,R-HSA-76005,Response to elevated platelet cytosolic Ca2+,-3.5,23,7.9,24155,134,24,3,12,6.8,88|3690|6678,ACTN2|ITGB3|SPARC,-0.67
Input ID,GO Biological Processes,19,GO:0001101,response to acid chemical,-3.5,12,6.3,24155,344,24,4,17,7.6,1236|2867|4602|6678,CCR7|FFAR2|MYB|SPARC,-0.64
Input ID,GO Biological Processes,19,GO:0051480,regulation of cytosolic calcium ion concentration,-3.4,11,6.2,24155,358,24,4,17,7.6,1233|1236|2281|7052,CCR4|CCR7|FKBP1B|TGM2,-0.59
Input ID,GO Biological Processes,19,GO:0030036,actin cytoskeleton organization,-3.4,7.5,5.4,24155,667,24,5,21,8.3,58|88|1236|4868|84448,ACTA1|ACTN2|CCR7|NPHS1|ABLIM2,-0.56
Input ID,GO Biological Processes,19,GO:0050729,positive regulation of inflammatory response,-3.3,20,7.3,24155,153,24,3,12,6.8,1236|2867|7052,CCR7|FFAR2|TGM2,-0.55
Input ID,GO Biological Processes,19,GO:0007519,skeletal muscle tissue development,-3.3,19,7.2,24155,160,24,3,12,6.8,58|3131|4868,ACTA1|HLF|NPHS1,-0.51
Input ID,GO Biological Processes,19,GO:0014706,striated muscle tissue development,-3.3,10,5.8,24155,391,24,4,17,7.6,58|88|3131|4868,ACTA1|ACTN2|HLF|NPHS1,-0.49
Input ID,GO Biological Processes,19,GO:0060538,skeletal muscle organ development,-3.2,18,6.9,24155,169,24,3,12,6.8,58|3131|4868,ACTA1|HLF|NPHS1,-0.47
Input ID,GO Biological Processes,19,GO:0007015,actin filament organization,-3.2,10,5.7,24155,402,24,4,17,7.6,58|88|1236|4868,ACTA1|ACTN2|CCR7|NPHS1,-0.47
Input ID,GO Biological Processes,19,GO:0060537,muscle tissue development,-3.2,9.8,5.7,24155,409,24,4,17,7.6,58|88|3131|4868,ACTA1|ACTN2|HLF|NPHS1,-0.46
Input ID,GO Biological Processes,19,GO:2001257,regulation of cation channel activity,-3.1,17,6.7,24155,178,24,3,12,6.8,88|2281|57554,ACTN2|FKBP1B|LRRC7,-0.44
Input ID,GO Biological Processes,19,GO:0008064,regulation of actin polymerization or depolymerization,-3.1,17,6.7,24155,179,24,3,12,6.8,88|1236|4868,ACTN2|CCR7|NPHS1,-0.44
Input ID,GO Biological Processes,19,GO:0030832,regulation of actin filament length,-3.1,17,6.7,24155,180,24,3,12,6.8,88|1236|4868,ACTN2|CCR7|NPHS1,-0.44
Input ID,GO Biological Processes,19,GO:0030029,actin filament-based process,-3.1,6.6,5,24155,760,24,5,21,8.3,58|88|1236|4868|84448,ACTA1|ACTN2|CCR7|NPHS1|ABLIM2,-0.42
Input ID,Reactome Gene Sets,6,R-HSA-375276,Peptide ligand-binding receptors,-3.1,16,6.5,24155,190,24,3,12,6.8,1233|1236|4886,CCR4|CCR7|NPY1R,-0.39
Input ID,GO Biological Processes,19,GO:0006874,cellular calcium ion homeostasis,-3,8.8,5.3,24155,459,24,4,17,7.6,1233|1236|2281|7052,CCR4|CCR7|FKBP1B|TGM2,-0.33
Input ID,GO Biological Processes,19,GO:1902905,positive regulation of supramolecular fiber organization,-3,15,6.2,24155,204,24,3,12,6.8,88|1236|4868,ACTN2|CCR7|NPHS1,-0.33
Input ID,Reactome Gene Sets,6,R-HSA-112314,Neurotransmitter receptors and postsynaptic signal transmission,-3,15,6.2,24155,206,24,3,12,6.8,88|9568|57554,ACTN2|GABBR2|LRRC7,-0.33
Input ID,GO Biological Processes,19,GO:0055074,calcium ion homeostasis,-3,8.5,5.2,24155,472,24,4,17,7.6,1233|1236|2281|7052,CCR4|CCR7|FKBP1B|TGM2,-0.33
Input ID,GO Biological Processes,19,GO:0008154,actin polymerization or depolymerization,-2.9,14,6.2,24155,209,24,3,12,6.8,88|1236|4868,ACTN2|CCR7|NPHS1,-0.33
Input ID,Reactome Gene Sets,6,R-HSA-397014,Muscle contraction,-2.9,14,6.2,24155,209,24,3,12,6.8,58|88|2281,ACTA1|ACTN2|FKBP1B,-0.33
Input ID,GO Biological Processes,19,GO:0050769,positive regulation of neurogenesis,-2.9,8.5,5.2,24155,474,24,4,17,7.6,2281|4602|5803|57554,FKBP1B|MYB|PTPRZ1|LRRC7,-0.33
Input ID,GO Biological Processes,19,GO:0019722,calcium-mediated signaling,-2.9,14,6,24155,218,24,3,12,6.8,1233|1236|2281,CCR4|CCR7|FKBP1B,-0.29
Input ID,GO Biological Processes,19,GO:0072503,cellular divalent inorganic cation homeostasis,-2.9,8.1,5.1,24155,494,24,4,17,7.6,1233|1236|2281|7052,CCR4|CCR7|FKBP1B|TGM2,-0.28
Input ID,GO Biological Processes,19,GO:0007160,cell-matrix adhesion,-2.8,13,5.9,24155,226,24,3,12,6.8,88|1236|3690,ACTN2|CCR7|ITGB3,-0.27
Input ID,GO Biological Processes,19,GO:0051495,positive regulation of cytoskeleton organization,-2.8,13,5.9,24155,226,24,3,12,6.8,88|1236|4868,ACTN2|CCR7|NPHS1,-0.27
Input ID,GO Biological Processes,19,GO:0072507,divalent inorganic cation homeostasis,-2.8,7.8,4.9,24155,514,24,4,17,7.6,1233|1236|2281|7052,CCR4|CCR7|FKBP1B|TGM2,-0.25
Input ID,GO Biological Processes,19,GO:0000302,response to reactive oxygen species,-2.8,13,5.8,24155,233,24,3,12,6.8,1236|2281|4602,CCR7|FKBP1B|MYB,-0.25
Input ID,GO Biological Processes,19,GO:0008015,blood circulation,-2.7,7.4,4.8,24155,541,24,4,17,7.6,1131|2281|3363|4886,CHRM3|FKBP1B|HTR7|NPY1R,-0.19
Input ID,GO Biological Processes,19,GO:0051962,positive regulation of nervous system development,-2.7,7.4,4.8,24155,541,24,4,17,7.6,2281|4602|5803|57554,FKBP1B|MYB|PTPRZ1|LRRC7,-0.19
Input ID,Reactome Gene Sets,6,R-HSA-5673001,RAF/MAP kinase cascade,-2.7,12,5.6,24155,249,24,3,12,6.8,88|3690|57554,ACTN2|ITGB3|LRRC7,-0.19
Input ID,GO Biological Processes,19,GO:0003013,circulatory system process,-2.7,7.3,4.7,24155,551,24,4,17,7.6,1131|2281|3363|4886,CHRM3|FKBP1B|HTR7|NPY1R,-0.18
Input ID,Reactome Gene Sets,6,R-HSA-5684996,MAPK1/MAPK3 signaling,-2.7,12,5.5,24155,255,24,3,12,6.8,88|3690|57554,ACTN2|ITGB3|LRRC7,-0.18
Input ID,GO Biological Processes,19,GO:0010720,positive regulation of cell development,-2.7,7.3,4.7,24155,553,24,4,17,7.6,2281|4602|5803|57554,FKBP1B|MYB|PTPRZ1|LRRC7,-0.18
Input ID,GO Biological Processes,19,GO:0007187,"G protein-coupled receptor signaling pathway, coupled to cyclic nucleotide second messenger",-2.7,12,5.5,24155,257,24,3,12,6.8,1131|3363|4886,CHRM3|HTR7|NPY1R,-0.18
Input ID,GO Biological Processes,19,GO:0032412,regulation of ion transmembrane transporter activity,-2.7,12,5.4,24155,260,24,3,12,6.8,88|2281|57554,ACTN2|FKBP1B|LRRC7,-0.17
Input ID,GO Biological Processes,19,GO:0110053,regulation of actin filament organization,-2.7,12,5.4,24155,261,24,3,12,6.8,88|1236|4868,ACTN2|CCR7|NPHS1,-0.17
Input ID,Reactome Gene Sets,6,R-HSA-76002,"Platelet activation, signaling and aggregation",-2.7,12,5.4,24155,262,24,3,12,6.8,88|3690|6678,ACTN2|ITGB3|SPARC,-0.17
Input ID,Reactome Gene Sets,6,R-HSA-9607240,FLT3 Signaling,-2.6,11,5.3,24155,267,24,3,12,6.8,88|3690|57554,ACTN2|ITGB3|LRRC7,-0.16
Input ID,GO Biological Processes,19,GO:0022898,regulation of transmembrane transporter activity,-2.6,11,5.3,24155,268,24,3,12,6.8,88|2281|57554,ACTN2|FKBP1B|LRRC7,-0.16
Input ID,GO Biological Processes,19,GO:0046883,regulation of hormone secretion,-2.6,11,5.3,24155,269,24,3,12,6.8,2281|2867|4602,FKBP1B|FFAR2|MYB,-0.16
Input ID,GO Biological Processes,19,GO:0006875,cellular metal ion homeostasis,-2.6,6.9,4.6,24155,580,24,4,17,7.6,1233|1236|2281|7052,CCR4|CCR7|FKBP1B|TGM2,-0.16
Input ID,Reactome Gene Sets,6,R-HSA-112315,Transmission across Chemical Synapses,-2.6,11,5.3,24155,272,24,3,12,6.8,88|9568|57554,ACTN2|GABBR2|LRRC7,-0.16
Input ID,GO Biological Processes,19,GO:0040017,positive regulation of locomotion,-2.6,6.7,4.5,24155,598,24,4,17,7.6,1233|1236|3690|6678,CCR4|CCR7|ITGB3|SPARC,-0.12
Input ID,GO Biological Processes,19,GO:0032409,regulation of transporter activity,-2.6,11,5.2,24155,283,24,3,12,6.8,88|2281|57554,ACTN2|FKBP1B|LRRC7,-0.12
Input ID,Reactome Gene Sets,6,R-HSA-5683057,MAPK family signaling cascades,-2.5,10,5,24155,294,24,3,12,6.8,88|3690|57554,ACTN2|ITGB3|LRRC7,-0.084
Input ID,GO Biological Processes,19,GO:0051146,striated muscle cell differentiation,-2.5,10,5,24155,295,24,3,12,6.8,58|88|4868,ACTA1|ACTN2|NPHS1,-0.084
Input ID,Reactome Gene Sets,6,R-HSA-109582,Hemostasis,-2.5,6.5,4.4,24155,621,24,4,17,7.6,88|3690|4602|6678,ACTN2|ITGB3|MYB|SPARC,-0.084
Input ID,GO Biological Processes,19,GO:0010638,positive regulation of organelle organization,-2.5,6.5,4.4,24155,624,24,4,17,7.6,88|1236|4602|4868,ACTN2|CCR7|MYB|NPHS1,-0.082
Input ID,Reactome Gene Sets,6,R-HSA-449147,Signaling by Interleukins,-2.5,6.3,4.3,24155,634,24,4,17,7.6,88|3690|5803|57554,ACTN2|ITGB3|PTPRZ1|LRRC7,-0.065
Input ID,GO Biological Processes,19,GO:0060326,cell chemotaxis,-2.5,9.9,4.9,24155,305,24,3,12,6.8,1233|1236|2867,CCR4|CCR7|FFAR2,-0.065
Input ID,GO Biological Processes,19,GO:0006935,chemotaxis,-2.5,6.2,4.3,24155,645,24,4,17,7.6,1233|1236|2867|3690,CCR4|CCR7|FFAR2|ITGB3,-0.048
Input ID,GO Biological Processes,19,GO:0042330,taxis,-2.5,6.2,4.2,24155,647,24,4,17,7.6,1233|1236|2867|3690,CCR4|CCR7|FFAR2|ITGB3,-0.048
Input ID,GO Biological Processes,19,GO:0046879,hormone secretion,-2.4,9.6,4.8,24155,315,24,3,12,6.8,2281|2867|4602,FKBP1B|FFAR2|MYB,-0.047
Input ID,GO Biological Processes,19,GO:0030003,cellular cation homeostasis,-2.4,6.2,4.2,24155,653,24,4,17,7.6,1233|1236|2281|7052,CCR4|CCR7|FKBP1B|TGM2,-0.047
Input ID,GO Biological Processes,19,GO:0055065,metal ion homeostasis,-2.4,6.2,4.2,24155,654,24,4,17,7.6,1233|1236|2281|7052,CCR4|CCR7|FKBP1B|TGM2,-0.047
Input ID,GO Biological Processes,19,GO:0006873,cellular ion homeostasis,-2.4,6,4.2,24155,666,24,4,17,7.6,1233|1236|2281|7052,CCR4|CCR7|FKBP1B|TGM2,-0.024
Input ID,GO Biological Processes,19,GO:0009914,hormone transport,-2.4,9.3,4.7,24155,325,24,3,12,6.8,2281|2867|4602,FKBP1B|FFAR2|MYB,-0.024
Input ID,GO Biological Processes,19,GO:0061061,muscle structure development,-2.4,6,4.1,24155,674,24,4,17,7.6,58|88|3131|4868,ACTA1|ACTN2|HLF|NPHS1,-0.02
Input ID,GO Biological Processes,19,GO:0097435,supramolecular fiber organization,-2.4,6,4.1,24155,674,24,4,17,7.6,58|88|1236|4868,ACTA1|ACTN2|CCR7|NPHS1,-0.02
Input ID,GO Biological Processes,19,GO:1904062,regulation of cation transmembrane transport,-2.3,8.8,4.6,24155,342,24,3,12,6.8,88|2281|57554,ACTN2|FKBP1B|LRRC7,0
Input ID,GO Biological Processes,19,GO:0032956,regulation of actin cytoskeleton organization,-2.3,8.8,4.6,24155,344,24,3,12,6.8,88|1236|4868,ACTN2|CCR7|NPHS1,0
Input ID,GO Biological Processes,19,GO:0043269,regulation of ion transport,-2.3,5.7,4,24155,701,24,4,17,7.6,88|2281|3690|57554,ACTN2|FKBP1B|ITGB3|LRRC7,0
Input ID,GO Biological Processes,19,GO:1902903,regulation of supramolecular fiber organization,-2.3,8.6,4.5,24155,352,24,3,12,6.8,88|1236|4868,ACTN2|CCR7|NPHS1,0
Input ID,GO Biological Processes,19,GO:0031589,cell-substrate adhesion,-2.3,8.5,4.5,24155,356,24,3,12,6.8,88|1236|3690,ACTN2|CCR7|ITGB3,0
Input ID,GO Biological Processes,19,GO:0090130,tissue migration,-2.3,8.3,4.4,24155,362,24,3,12,6.8,58|3690|6678,ACTA1|ITGB3|SPARC,0
Input ID,GO Biological Processes,19,GO:0055080,cation homeostasis,-2.3,5.5,3.9,24155,731,24,4,17,7.6,1233|1236|2281|7052,CCR4|CCR7|FKBP1B|TGM2,0
Input ID,GO Biological Processes,19,GO:0030198,extracellular matrix organization,-2.2,8.2,4.4,24155,370,24,3,12,6.8,3690|4868|6678,ITGB3|NPHS1|SPARC,0
Input ID,GO Biological Processes,19,GO:0032535,regulation of cellular component size,-2.2,8.2,4.4,24155,370,24,3,12,6.8,88|1236|4868,ACTN2|CCR7|NPHS1,0
Input ID,GO Biological Processes,19,GO:0098771,inorganic ion homeostasis,-2.2,5.4,3.9,24155,742,24,4,17,7.6,1233|1236|2281|7052,CCR4|CCR7|FKBP1B|TGM2,0
Input ID,GO Biological Processes,19,GO:1903530,regulation of secretion by cell,-2.2,5.3,3.8,24155,757,24,4,17,7.6,1236|2281|2867|4602,CCR7|FKBP1B|FFAR2|MYB,0
Input ID,GO Biological Processes,19,GO:0031346,positive regulation of cell projection organization,-2.2,7.9,4.3,24155,383,24,3,12,6.8,1236|2281|57554,CCR7|FKBP1B|LRRC7,0
Input ID,GO Biological Processes,19,GO:0042692,muscle cell differentiation,-2.2,7.8,4.3,24155,387,24,3,12,6.8,58|88|4868,ACTA1|ACTN2|NPHS1,0
Input ID,GO Biological Processes,19,GO:0032970,regulation of actin filament-based process,-2.2,7.8,4.2,24155,389,24,3,12,6.8,88|1236|4868,ACTN2|CCR7|NPHS1,0
Input ID,GO Biological Processes,19,GO:0010876,lipid localization,-2.2,7.5,4.2,24155,400,24,3,12,6.8,2867|3690|4602,FFAR2|ITGB3|MYB,0
Input ID,GO Biological Processes,19,GO:0045785,positive regulation of cell adhesion,-2.1,7.5,4.1,24155,403,24,3,12,6.8,1236|4602|7052,CCR7|MYB|TGM2,0
Input ID,GO Biological Processes,19,GO:0045055,regulated exocytosis,-2.1,5.1,3.7,24155,795,24,4,17,7.6,88|3690|6678|57554,ACTN2|ITGB3|SPARC|LRRC7,0
Input ID,GO Biological Processes,19,GO:0007517,muscle organ development,-2.1,7.4,4.1,24155,410,24,3,12,6.8,58|3131|4868,ACTA1|HLF|NPHS1,0
Input ID,Reactome Gene Sets,6,R-HSA-112316,Neuronal System,-2.1,7.3,4.1,24155,413,24,3,12,6.8,88|9568|57554,ACTN2|GABBR2|LRRC7,0
Input ID,GO Biological Processes,19,GO:0043062,extracellular structure organization,-2.1,7.1,4,24155,425,24,3,12,6.8,3690|4868|6678,ITGB3|NPHS1|SPARC,0
Input ID,GO Biological Processes,19,GO:0019932,second-messenger-mediated signaling,-2,6.9,3.9,24155,440,24,3,12,6.8,1233|1236|2281,CCR4|CCR7|FKBP1B,0
Input ID,GO Biological Processes,19,GO:0006979,response to oxidative stress,-2,6.7,3.8,24155,454,24,3,12,6.8,1236|2281|4602,CCR7|FKBP1B|MYB,0
Input ID_MCODE_ALL,Reactome Gene Sets,6,R-HSA-418594,G alpha (i) signalling events,-8.9,59,17,24155,407,5,5,1e+02,18,1233|1236|4886|9568|27198,CCR4|CCR7|NPY1R|GABBR2|HCAR1,-4.9
Input ID_MCODE_ALL,Reactome Gene Sets,6,R-HSA-500792,GPCR ligand binding,-8.6,53,16,24155,457,5,5,1e+02,18,1233|1236|4886|9568|27198,CCR4|CCR7|NPY1R|GABBR2|HCAR1,-4.9
Input ID_MCODE_ALL,Reactome Gene Sets,6,R-HSA-373076,Class A/1 (Rhodopsin-like receptors),-6.8,60,15,24155,324,5,4,80,18,1233|1236|4886|27198,CCR4|CCR7|NPY1R|HCAR1,-3.4
Input ID_MCODE_ALL,Reactome Gene Sets,6,R-HSA-375276,Peptide ligand-binding receptors,-5.3,76,15,24155,190,5,3,60,22,1233|1236|4886,CCR4|CCR7|NPY1R,-2.1
Input ID_MCODE_ALL,KEGG Pathway,24,hsa04024,cAMP signaling pathway,-5.3,73,15,24155,198,5,3,60,22,4886|9568|27198,NPY1R|GABBR2|HCAR1,-2.1
Input ID_SUB2_MCODE_1,Reactome Gene Sets,6,R-HSA-418594,G alpha (i) signalling events,-8.9,59,17,24155,407,5,5,1e+02,18,1233|1236|4886|9568|27198,CCR4|CCR7|NPY1R|GABBR2|HCAR1,-4.9
Input ID_SUB2_MCODE_1,Reactome Gene Sets,6,R-HSA-500792,GPCR ligand binding,-8.6,53,16,24155,457,5,5,1e+02,18,1233|1236|4886|9568|27198,CCR4|CCR7|NPY1R|GABBR2|HCAR1,-4.9
Input ID_SUB2_MCODE_1,Reactome Gene Sets,6,R-HSA-373076,Class A/1 (Rhodopsin-like receptors),-6.8,60,15,24155,324,5,4,80,18,1233|1236|4886|27198,CCR4|CCR7|NPY1R|HCAR1,-3.4
Input ID_SUB2_MCODE_1,Reactome Gene Sets,6,R-HSA-375276,Peptide ligand-binding receptors,-5.3,76,15,24155,190,5,3,60,22,1233|1236|4886,CCR4|CCR7|NPY1R,-2.1
Input ID_SUB2_MCODE_1,KEGG Pathway,24,hsa04024,cAMP signaling pathway,-5.3,73,15,24155,198,5,3,60,22,4886|9568|27198,NPY1R|GABBR2|HCAR1,-2.1
