Category,CategoryID,GO,Description,LogP,Enrichment,Z-score,#TotalGeneInLibrary,#GeneInGO,#GeneInHitList,#GeneInGOAndHitList,%InGO,STDV %InGO,GeneID,Hits,Log(q-value),GeneList
GO Biological Processes,19,GO:1904970,brush border assembly,-5.3,77,15,24155,5,189,3,1.6,0.91,4648|53841|257629,MYO7B|CDHR5|ANKS4B,-1.3,hits
Reactome Gene Sets,6,R-HSA-112316,Neuronal System,-5.3,4.3,6.1,24155,413,189,14,7.4,1.9,111|320|816|1144|2786|3746|3756|3767|3787|22999|23136|26045|80059|116444,ADCY5|APBA1|CAMK2B|CHRND|GNG4|KCNC1|KCNH1|KCNJ11|KCNS1|RIMS1|EPB41L3|LRRTM2|LRRTM4|GRIN3B,-1.3,hits
GO Biological Processes,19,GO:0071774,response to fibroblast growth factor,-4.6,6.8,6.3,24155,150,189,8,4.2,1.5,1490|1960|3164|3746|7057|23213|54845|345193,CCN2|EGR3|NR4A1|KCNC1|THBS1|SULF1|ESRP1|LRIT3,-0.77,hits
GO Biological Processes,19,GO:0044344,cellular response to fibroblast growth factor stimulus,-3.9,6.3,5.6,24155,143,189,7,3.7,1.4,1490|1960|3164|7057|23213|54845|345193,CCN2|EGR3|NR4A1|THBS1|SULF1|ESRP1|LRIT3,-0.25,hits
Canonical Pathways,11,M3008,NABA ECM GLYCOPROTEINS,-3.8,5.2,5.3,24155,196,189,8,4.2,1.5,1490|3483|4917|7057|7448|9211|10875|133584,CCN2|IGFALS|NTN3|THBS1|VTN|LGI1|FGL2|EGFLAM,-0.25,hits
Reactome Gene Sets,6,R-HSA-5083635,Defective B3GALTL causes Peters-plus syndrome (PpS),-3.7,14,6.9,24155,37,189,4,2.1,1,7057|9510|54437|81792,THBS1|ADAMTS1|SEMA5B|ADAMTS12,-0.25,hits
GO Biological Processes,19,GO:0043652,engulfment of apoptotic cell,-3.7,26,8.4,24155,15,189,3,1.6,0.91,7057|114786|389668,THBS1|XKR4|XKR9,-0.25,hits
Reactome Gene Sets,6,R-HSA-5173214,O-glycosylation of TSR domain-containing proteins,-3.7,13,6.8,24155,38,189,4,2.1,1,7057|9510|54437|81792,THBS1|ADAMTS1|SEMA5B|ADAMTS12,-0.25,hits
GO Biological Processes,19,GO:0098742,cell-cell adhesion via plasma-membrane adhesion molecules,-3.5,4.2,4.7,24155,275,189,9,4.8,1.5,1005|8641|27328|53841|56098|56102|56133|64101|286204,CDH7|PCDHGB4|PCDH11X|CDHR5|PCDHGC4|PCDHGB3|PCDHB2|LRRC4|CRB2,-0.12,hits
GO Biological Processes,19,GO:0007156,homophilic cell adhesion via plasma membrane adhesion molecules,-3.4,5.3,5,24155,170,189,7,3.7,1.4,1005|8641|27328|53841|56098|56102|56133,CDH7|PCDHGB4|PCDH11X|CDHR5|PCDHGC4|PCDHGB3|PCDHB2,-0.086,hits
GO Biological Processes,19,GO:0061436,establishment of skin barrier,-3.1,17,6.7,24155,23,189,3,1.6,0.91,2312|57822|388697,FLG|GRHL3|HRNR,0,hits
Reactome Gene Sets,6,R-HSA-6794361,Neurexins and neuroligins,-3,9.1,5.4,24155,56,189,4,2.1,1,320|23136|26045|80059,APBA1|EPB41L3|LRRTM2|LRRTM4,0,hits
GO Biological Processes,19,GO:0033561,regulation of water loss via skin,-3,15,6.2,24155,26,189,3,1.6,0.91,2312|57822|388697,FLG|GRHL3|HRNR,0,hits
Reactome Gene Sets,6,R-HSA-1296071,Potassium Channels,-3,6.5,4.8,24155,99,189,5,2.6,1.2,2786|3746|3756|3767|3787,GNG4|KCNC1|KCNH1|KCNJ11|KCNS1,0,hits
GO Biological Processes,19,GO:0003012,muscle system process,-2.9,3,3.9,24155,465,189,11,5.8,1.7,775|816|1144|1490|3357|6769|7222|8013|23213|28999|388428,CACNA1C|CAMK2B|CHRND|CCN2|HTR2B|STAC|TRPC3|NR4A3|SULF1|KLF15|PVALEF,0,hits
GO Biological Processes,19,GO:0030155,regulation of cell adhesion,-2.9,2.6,3.8,24155,693,189,14,7.4,1.9,1840|1960|3718|4321|6708|7057|7448|8013|10875|54828|55083|80709|84868|133584,DTX1|EGR3|JAK3|MMP12|SPTA1|THBS1|VTN|NR4A3|FGL2|BCAS3|KIF26B|AKNA|HAVCR2|EGFLAM,0,hits
Reactome Gene Sets,6,R-HSA-400042,"Adrenaline,noradrenaline inhibits insulin secretion",-2.9,14,6,24155,28,189,3,1.6,0.91,111|775|2786,ADCY5|CACNA1C|GNG4,0,hits
Canonical Pathways,11,M5884,NABA CORE MATRISOME,-2.8,3.7,4,24155,275,189,8,4.2,1.5,1490|3483|4917|7057|7448|9211|10875|133584,CCN2|IGFALS|NTN3|THBS1|VTN|LGI1|FGL2|EGFLAM,0,hits
Reactome Gene Sets,6,R-HSA-375165,NCAM signaling for neurite out-growth,-2.8,8.1,5,24155,63,189,4,2.1,1,775|6708|7903|9048,CACNA1C|SPTA1|ST8SIA4|ARTN,0,hits
GO Biological Processes,19,GO:0035767,endothelial cell chemotaxis,-2.7,12,5.6,24155,31,189,3,1.6,0.91,1960|3164|7057,EGR3|NR4A1|THBS1,0,hits
GO Biological Processes,19,GO:0097106,postsynaptic density organization,-2.7,12,5.6,24155,31,189,3,1.6,0.91,26045|64101|66000,LRRTM2|LRRC4|TMEM108,0,hits
GO Biological Processes,19,GO:0048812,neuron projection morphogenesis,-2.7,2.6,3.6,24155,648,189,13,6.9,1.8,816|4917|6708|8013|9048|9211|22891|22999|23136|23242|54437|66000|84894,CAMK2B|NTN3|SPTA1|NR4A3|ARTN|LGI1|ZNF365|RIMS1|EPB41L3|COBL|SEMA5B|TMEM108|LINGO1,0,hits
Reactome Gene Sets,6,R-HSA-5173105,O-linked glycosylation,-2.7,5.7,4.4,24155,112,189,5,2.6,1.2,7057|9510|54437|81792|374907,THBS1|ADAMTS1|SEMA5B|ADAMTS12|B3GNT8,0,hits
KEGG Pathway,24,hsa05031,Amphetamine addiction,-2.7,7.5,4.8,24155,68,189,4,2.1,1,111|775|816|116444,ADCY5|CACNA1C|CAMK2B|GRIN3B,0,hits
GO Biological Processes,19,GO:0050891,multicellular organismal water homeostasis,-2.7,7.5,4.8,24155,68,189,4,2.1,1,111|2312|57822|388697,ADCY5|FLG|GRHL3|HRNR,0,hits
Reactome Gene Sets,6,R-HSA-3906995,Diseases associated with O-glycosylation of proteins,-2.7,7.5,4.8,24155,68,189,4,2.1,1,7057|9510|54437|81792,THBS1|ADAMTS1|SEMA5B|ADAMTS12,0,hits
GO Biological Processes,19,GO:0031589,cell-substrate adhesion,-2.7,3.2,3.8,24155,356,189,9,4.8,1.5,1490|4321|7057|7448|54828|55698|81792|133584|284348,CCN2|MMP12|THBS1|VTN|BCAS3|RADIL|ADAMTS12|EGFLAM|LYPD5,0,hits
GO Biological Processes,19,GO:0008543,fibroblast growth factor receptor signaling pathway,-2.7,5.6,4.4,24155,114,189,5,2.6,1.2,1490|7057|23213|54845|345193,CCN2|THBS1|SULF1|ESRP1|LRIT3,0,hits
GO Biological Processes,19,GO:0007162,negative regulation of cell adhesion,-2.7,3.5,3.9,24155,289,189,8,4.2,1.5,1840|3718|4321|7057|10875|54828|80709|84868,DTX1|JAK3|MMP12|THBS1|FGL2|BCAS3|AKNA|HAVCR2,0,hits
GO Biological Processes,19,GO:0007160,cell-matrix adhesion,-2.7,4,4,24155,226,189,7,3.7,1.4,1490|4321|7057|7448|54828|81792|284348,CCN2|MMP12|THBS1|VTN|BCAS3|ADAMTS12|LYPD5,0,hits
GO Biological Processes,19,GO:0099084,postsynaptic specialization organization,-2.7,12,5.4,24155,33,189,3,1.6,0.91,26045|64101|66000,LRRTM2|LRRC4|TMEM108,0,hits
GO Biological Processes,19,GO:0120039,plasma membrane bounded cell projection morphogenesis,-2.7,2.5,3.5,24155,662,189,13,6.9,1.8,816|4917|6708|8013|9048|9211|22891|22999|23136|23242|54437|66000|84894,CAMK2B|NTN3|SPTA1|NR4A3|ARTN|LGI1|ZNF365|RIMS1|EPB41L3|COBL|SEMA5B|TMEM108|LINGO1,0,hits
GO Biological Processes,19,GO:0048858,cell projection morphogenesis,-2.6,2.5,3.5,24155,666,189,13,6.9,1.8,816|4917|6708|8013|9048|9211|22891|22999|23136|23242|54437|66000|84894,CAMK2B|NTN3|SPTA1|NR4A3|ARTN|LGI1|ZNF365|RIMS1|EPB41L3|COBL|SEMA5B|TMEM108|LINGO1,0,hits
Canonical Pathways,11,M5885,NABA MATRISOME ASSOCIATED,-2.6,2.4,3.4,24155,753,189,14,7.4,1.9,651|2312|4320|4321|9048|9510|23213|50846|54437|60676|81792|387911|388697|497190,BMP3|FLG|MMP11|MMP12|ARTN|ADAMTS1|SULF1|DHH|SEMA5B|PAPPA2|ADAMTS12|C1QTNF9B|HRNR|CLEC18B,0,hits
GO Biological Processes,19,GO:0030104,water homeostasis,-2.6,6.9,4.5,24155,74,189,4,2.1,1,111|2312|57822|388697,ADCY5|FLG|GRHL3|HRNR,0,hits
GO Biological Processes,19,GO:0040036,regulation of fibroblast growth factor receptor signaling pathway,-2.6,11,5.1,24155,36,189,3,1.6,0.91,7057|23213|345193,THBS1|SULF1|LRIT3,0,hits
GO Biological Processes,19,GO:0032990,cell part morphogenesis,-2.5,2.4,3.4,24155,685,189,13,6.9,1.8,816|4917|6708|8013|9048|9211|22891|22999|23136|23242|54437|66000|84894,CAMK2B|NTN3|SPTA1|NR4A3|ARTN|LGI1|ZNF365|RIMS1|EPB41L3|COBL|SEMA5B|TMEM108|LINGO1,0,hits
Reactome Gene Sets,6,R-HSA-422356,Regulation of insulin secretion,-2.5,6.6,4.4,24155,78,189,4,2.1,1,111|775|2786|3767,ADCY5|CACNA1C|GNG4|KCNJ11,0,hits
GO Biological Processes,19,GO:0045652,regulation of megakaryocyte differentiation,-2.5,6.5,4.3,24155,79,189,4,2.1,1,4778|7057|8013|338382,NFE2|THBS1|NR4A3|RAB7B,0,hits
GO Biological Processes,19,GO:0001819,positive regulation of cytokine production,-2.4,2.8,3.4,24155,464,189,10,5.3,1.6,3357|4321|7057|8013|10666|23213|55655|84868|149628|338382,HTR2B|MMP12|THBS1|NR4A3|CD226|SULF1|NLRP2|HAVCR2|PYHIN1|RAB7B,0,hits
GO Biological Processes,19,GO:0001667,ameboidal-type cell migration,-2.4,2.8,3.4,24155,464,189,10,5.3,1.6,1960|3164|3357|7057|10014|54437|54828|55897|154796|286204,EGR3|NR4A1|HTR2B|THBS1|HDAC5|SEMA5B|BCAS3|MESP1|AMOT|CRB2,0,hits
GO Biological Processes,19,GO:0045995,regulation of embryonic development,-2.4,4.8,3.9,24155,132,189,5,2.6,1.2,23213|55897|57822|154796|286204,SULF1|MESP1|GRHL3|AMOT|CRB2,0,hits
KEGG Pathway,24,hsa04925,Aldosterone synthesis and secretion,-2.4,6.2,4.2,24155,82,189,4,2.1,1,111|775|816|3164,ADCY5|CACNA1C|CAMK2B|NR4A1,0,hits
GO Biological Processes,19,GO:0050867,positive regulation of cell activation,-2.4,2.9,3.4,24155,394,189,9,4.8,1.5,1490|1960|3718|6708|7057|8013|9760|10666|84868,CCN2|EGR3|JAK3|SPTA1|THBS1|NR4A3|TOX|CD226|HAVCR2,0,hits
Reactome Gene Sets,6,R-HSA-9609736,Assembly and cell surface presentation of NMDA receptors,-2.4,9.4,4.8,24155,41,189,3,1.6,0.91,320|816|116444,APBA1|CAMK2B|GRIN3B,0,hits
Reactome Gene Sets,6,R-HSA-419037,NCAM1 interactions,-2.4,9.1,4.7,24155,42,189,3,1.6,0.91,775|7903|9048,CACNA1C|ST8SIA4|ARTN,0,hits
KEGG Pathway,24,hsa04911,Insulin secretion,-2.3,6,4.1,24155,85,189,4,2.1,1,111|775|816|3767,ADCY5|CACNA1C|CAMK2B|KCNJ11,0,hits
GO Biological Processes,19,GO:1903706,regulation of hemopoiesis,-2.3,2.7,3.3,24155,477,189,10,5.3,1.6,1840|1960|3718|4778|7057|8013|9760|10875|25893|338382,DTX1|EGR3|JAK3|NFE2|THBS1|NR4A3|TOX|FGL2|TRIM58|RAB7B,0,hits
Reactome Gene Sets,6,R-HSA-1296072,Voltage gated Potassium channels,-2.3,8.9,4.6,24155,43,189,3,1.6,0.91,3746|3756|3787,KCNC1|KCNH1|KCNS1,0,hits
GO Biological Processes,19,GO:0001953,negative regulation of cell-matrix adhesion,-2.3,8.9,4.6,24155,43,189,3,1.6,0.91,4321|7057|54828,MMP12|THBS1|BCAS3,0,hits
GO Biological Processes,19,GO:0003009,skeletal muscle contraction,-2.3,8.9,4.6,24155,43,189,3,1.6,0.91,1144|6769|388428,CHRND|STAC|PVALEF,0,hits
GO Biological Processes,19,GO:0022407,regulation of cell-cell adhesion,-2.3,2.8,3.3,24155,405,189,9,4.8,1.5,1840|1960|3718|6708|8013|10875|55083|80709|84868,DTX1|EGR3|JAK3|SPTA1|NR4A3|FGL2|KIF26B|AKNA|HAVCR2,0,hits
Reactome Gene Sets,6,R-HSA-6794362,Protein-protein interactions at synapses,-2.3,5.9,4,24155,87,189,4,2.1,1,320|23136|26045|80059,APBA1|EPB41L3|LRRTM2|LRRTM4,0,hits
GO Biological Processes,19,GO:0001935,endothelial cell proliferation,-2.3,3.9,3.6,24155,199,189,6,3.2,1.3,1960|3164|3357|7057|23213|79400,EGR3|NR4A1|HTR2B|THBS1|SULF1|NOX5,0,hits
GO Biological Processes,19,GO:0045581,negative regulation of T cell differentiation,-2.3,8.5,4.5,24155,45,189,3,1.6,0.91,1840|3718|10875,DTX1|JAK3|FGL2,0,hits
GO Biological Processes,19,GO:0034762,regulation of transmembrane transport,-2.3,2.5,3.2,24155,568,189,11,5.8,1.7,775|3746|3756|3767|3787|6769|7057|8013|28999|57214|79400,CACNA1C|KCNC1|KCNH1|KCNJ11|KCNS1|STAC|THBS1|NR4A3|KLF15|CEMIP|NOX5,0,hits
GO Biological Processes,19,GO:0034764,positive regulation of transmembrane transport,-2.3,3.8,3.5,24155,204,189,6,3.2,1.3,3746|3767|6769|8013|28999|57214,KCNC1|KCNJ11|STAC|NR4A3|KLF15|CEMIP,0,hits
GO Biological Processes,19,GO:0043277,apoptotic cell clearance,-2.3,8.3,4.4,24155,46,189,3,1.6,0.91,7057|114786|389668,THBS1|XKR4|XKR9,0,hits
Reactome Gene Sets,6,R-HSA-112315,Transmission across Chemical Synapses,-2.2,3.3,3.4,24155,272,189,7,3.7,1.4,111|320|816|1144|2786|22999|116444,ADCY5|APBA1|CAMK2B|CHRND|GNG4|RIMS1|GRIN3B,0,hits
Reactome Gene Sets,6,R-HSA-112314,Neurotransmitter receptors and postsynaptic signal transmission,-2.2,3.7,3.5,24155,206,189,6,3.2,1.3,111|320|816|1144|2786|116444,ADCY5|APBA1|CAMK2B|CHRND|GNG4|GRIN3B,0,hits
GO Biological Processes,19,GO:0014911,positive regulation of smooth muscle cell migration,-2.2,8.2,4.4,24155,47,189,3,1.6,0.91,7448|8013|9510,VTN|NR4A3|ADAMTS1,0,hits
GO Biological Processes,19,GO:0016339,calcium-dependent cell-cell adhesion via plasma membrane cell adhesion molecules,-2.2,8,4.3,24155,48,189,3,1.6,0.91,1005|8641|56133,CDH7|PCDHGB4|PCDHB2,0,hits
GO Biological Processes,19,GO:0006029,proteoglycan metabolic process,-2.2,5.4,3.8,24155,94,189,4,2.1,1,9955|23213|81792|133584,HS3ST3A1|SULF1|ADAMTS12|EGFLAM,0,hits
GO Biological Processes,19,GO:0050777,negative regulation of immune response,-2.2,4.3,3.6,24155,150,189,5,2.6,1.2,2840|3718|4321|10875|84868,GPR17|JAK3|MMP12|FGL2|HAVCR2,0,hits
GO Biological Processes,19,GO:0048598,embryonic morphogenesis,-2.2,2.4,3,24155,586,189,11,5.8,1.7,775|3357|3899|7448|8013|23213|23242|55897|57822|154796|286204,CACNA1C|HTR2B|AFF3|VTN|NR4A3|SULF1|COBL|MESP1|GRHL3|AMOT|CRB2,0,hits
GO Biological Processes,19,GO:0030219,megakaryocyte differentiation,-2.2,5.3,3.8,24155,96,189,4,2.1,1,4778|7057|8013|338382,NFE2|THBS1|NR4A3|RAB7B,0,hits
KEGG Pathway,24,hsa04713,Circadian entrainment,-2.2,5.3,3.8,24155,96,189,4,2.1,1,111|775|816|2786,ADCY5|CACNA1C|CAMK2B|GNG4,0,hits
GO Biological Processes,19,GO:0007018,microtubule-based movement,-2.1,3.1,3.2,24155,285,189,7,3.7,1.4,320|8632|25893|55083|66000|79819|126820,APBA1|DNAH17|TRIM58|KIF26B|TMEM108|WDR78|WDR63,0,hits
Reactome Gene Sets,6,R-HSA-416476,G alpha (q) signalling events,-2.1,3.5,3.3,24155,217,189,6,3.2,1.3,2786|2840|3357|7222|257313|347148,GNG4|GPR17|HTR2B|TRPC3|UTS2B|QRFP,0,hits
GO Biological Processes,19,GO:0002042,cell migration involved in sprouting angiogenesis,-2.1,5.2,3.7,24155,98,189,4,2.1,1,1960|3164|7057|10014,EGR3|NR4A1|THBS1|HDAC5,0,hits
KEGG Pathway,24,hsa04723,Retrograde endocannabinoid signaling,-2.1,5.1,3.6,24155,101,189,4,2.1,1,111|775|2786|22999,ADCY5|CACNA1C|GNG4|RIMS1,0,hits
GO Biological Processes,19,GO:0090287,regulation of cellular response to growth factor stimulus,-2.1,3.1,3.1,24155,293,189,7,3.7,1.4,7057|7448|23213|66000|81792|286204|345193,THBS1|VTN|SULF1|TMEM108|ADAMTS12|CRB2|LRIT3,0,hits
GO Biological Processes,19,GO:0090100,positive regulation of transmembrane receptor protein serine/threonine kinase signaling pathway,-2,4.9,3.6,24155,104,189,4,2.1,1,651|7057|23213|286204,BMP3|THBS1|SULF1|CRB2,0,hits
GO Biological Processes,19,GO:0045620,negative regulation of lymphocyte differentiation,-2,7,3.9,24155,55,189,3,1.6,0.91,1840|3718|10875,DTX1|JAK3|FGL2,0,hits
GO Biological Processes,19,GO:0099173,postsynapse organization,-2,3.9,3.3,24155,163,189,5,2.6,1.2,816|22891|26045|64101|66000,CAMK2B|ZNF365|LRRTM2|LRRC4|TMEM108,0,hits
GO Biological Processes,19,GO:0043269,regulation of ion transport,-2,2.2,2.8,24155,701,189,12,6.3,1.8,775|816|3746|3756|3767|3787|6769|7057|7222|57214|79400|116444,CACNA1C|CAMK2B|KCNC1|KCNH1|KCNJ11|KCNS1|STAC|THBS1|TRPC3|CEMIP|NOX5|GRIN3B,0,hits
GO Biological Processes,19,GO:0050865,regulation of cell activation,-2,2.3,2.9,24155,617,189,11,5.8,1.7,1490|1840|1960|3718|6708|7057|8013|9760|10666|10875|84868,CCN2|DTX1|EGR3|JAK3|SPTA1|THBS1|NR4A3|TOX|CD226|FGL2|HAVCR2,0,hits
GO Biological Processes,19,GO:0050881,musculoskeletal movement,-2,6.8,3.9,24155,56,189,3,1.6,0.91,1144|6769|388428,CHRND|STAC|PVALEF,0,hits
GO Biological Processes,19,GO:0050879,multicellular organismal movement,-2,6.8,3.9,24155,56,189,3,1.6,0.91,1144|6769|388428,CHRND|STAC|PVALEF,0,hits
GO Biological Processes,19,GO:0003300,cardiac muscle hypertrophy,-2,4.8,3.5,24155,106,189,4,2.1,1,3357|7222|8013|28999,HTR2B|TRPC3|NR4A3|KLF15,0,hits
GO Biological Processes,19,GO:0001944,vasculature development,-2,2.1,2.8,24155,793,189,13,6.9,1.8,1490|1960|3164|4066|5784|7057|10014|23213|54828|55897|57007|79400|154796,CCN2|EGR3|NR4A1|LYL1|PTPN14|THBS1|HDAC5|SULF1|BCAS3|MESP1|ACKR3|NOX5|AMOT,0,hits
