,_MEMBER_hits,_LogP_hits,GO,Description,_PATTERN_,_RANK_,GiniIndex
19_GO:0050881,1,-2,GO:0050881,musculoskeletal movement,M1,1,0
19_GO:0071774,1,-4.6,GO:0071774,response to fibroblast growth factor,M1,1,0
19_GO:0001819,1,-2.4,GO:0001819,positive regulation of cytokine production,M1,1,0
24_hsa04911,1,-2.3,hsa04911,Insulin secretion,M1,1,0
6_R-HSA-375165,1,-2.8,R-HSA-375165,NCAM signaling for neurite out-growth,M1,1,0
19_GO:0007156,1,-3.4,GO:0007156,homophilic cell adhesion via plasma membrane adhesion molecules,M1,1,0
19_GO:0043277,1,-2.3,GO:0043277,apoptotic cell clearance,M1,1,0
19_GO:0050777,1,-2.2,GO:0050777,negative regulation of immune response,M1,1,0
6_R-HSA-6794361,1,-3,R-HSA-6794361,Neurexins and neuroligins,M1,1,0
19_GO:0098742,1,-3.5,GO:0098742,cell-cell adhesion via plasma-membrane adhesion molecules,M1,1,0
6_R-HSA-5173214,1,-3.7,R-HSA-5173214,O-glycosylation of TSR domain-containing proteins,M1,1,0
11_M3008,1,-3.8,M3008,NABA ECM GLYCOPROTEINS,M1,1,0
19_GO:0034764,1,-2.3,GO:0034764,positive regulation of transmembrane transport,M1,1,0
19_GO:1904970,1,-5.3,GO:1904970,brush border assembly,M1,1,0
19_GO:0097106,1,-2.7,GO:0097106,postsynaptic density organization,M1,1,0
19_GO:0050879,1,-2,GO:0050879,multicellular organismal movement,M1,1,0
6_R-HSA-5173105,1,-2.7,R-HSA-5173105,O-linked glycosylation,M1,1,0
6_R-HSA-5083635,1,-3.7,R-HSA-5083635,Defective B3GALTL causes Peters-plus syndrome (PpS),M1,1,0
11_M5884,1,-2.8,M5884,NABA CORE MATRISOME,M1,1,0
19_GO:0030104,1,-2.6,GO:0030104,water homeostasis,M1,1,0
19_GO:0033561,1,-3,GO:0033561,regulation of water loss via skin,M1,1,0
19_GO:0090100,1,-2,GO:0090100,positive regulation of transmembrane receptor protein serine/threonine kinase signaling pathway,M1,1,0
19_GO:0032990,1,-2.5,GO:0032990,cell part morphogenesis,M1,1,0
19_GO:0048598,1,-2.2,GO:0048598,embryonic morphogenesis,M1,1,0
19_GO:0045620,1,-2,GO:0045620,negative regulation of lymphocyte differentiation,M1,1,0
19_GO:0022407,1,-2.3,GO:0022407,regulation of cell-cell adhesion,M1,1,0
24_hsa04723,1,-2.1,hsa04723,Retrograde endocannabinoid signaling,M1,1,0
19_GO:0035767,1,-2.7,GO:0035767,endothelial cell chemotaxis,M1,1,0
19_GO:0045581,1,-2.3,GO:0045581,negative regulation of T cell differentiation,M1,1,0
19_GO:0050865,1,-2,GO:0050865,regulation of cell activation,M1,1,0
6_R-HSA-9609736,1,-2.4,R-HSA-9609736,Assembly and cell surface presentation of NMDA receptors,M1,1,0
19_GO:0030155,1,-2.9,GO:0030155,regulation of cell adhesion,M1,1,0
19_GO:0099173,1,-2,GO:0099173,postsynapse organization,M1,1,0
19_GO:0003300,1,-2,GO:0003300,cardiac muscle hypertrophy,M1,1,0
6_R-HSA-416476,1,-2.1,R-HSA-416476,G alpha (q) signalling events,M1,1,0
19_GO:0040036,1,-2.6,GO:0040036,regulation of fibroblast growth factor receptor signaling pathway,M1,1,0
19_GO:0048812,1,-2.7,GO:0048812,neuron projection morphogenesis,M1,1,0
19_GO:0016339,1,-2.2,GO:0016339,calcium-dependent cell-cell adhesion via plasma membrane cell adhesion molecules,M1,1,0
19_GO:0002042,1,-2.1,GO:0002042,cell migration involved in sprouting angiogenesis,M1,1,0
19_GO:0048858,1,-2.6,GO:0048858,cell projection morphogenesis,M1,1,0
19_GO:0007018,1,-2.1,GO:0007018,microtubule-based movement,M1,1,0
19_GO:0003012,1,-2.9,GO:0003012,muscle system process,M1,1,0
19_GO:0120039,1,-2.7,GO:0120039,plasma membrane bounded cell projection morphogenesis,M1,1,0
19_GO:0031589,1,-2.7,GO:0031589,cell-substrate adhesion,M1,1,0
19_GO:0061436,1,-3.1,GO:0061436,establishment of skin barrier,M1,1,0
19_GO:0014911,1,-2.2,GO:0014911,positive regulation of smooth muscle cell migration,M1,1,0
19_GO:0006029,1,-2.2,GO:0006029,proteoglycan metabolic process,M1,1,0
19_GO:0050891,1,-2.7,GO:0050891,multicellular organismal water homeostasis,M1,1,0
6_R-HSA-419037,1,-2.4,R-HSA-419037,NCAM1 interactions,M1,1,0
24_hsa04713,1,-2.2,hsa04713,Circadian entrainment,M1,1,0
24_hsa05031,1,-2.7,hsa05031,Amphetamine addiction,M1,1,0
19_GO:0008543,1,-2.7,GO:0008543,fibroblast growth factor receptor signaling pathway,M1,1,0
19_GO:0045995,1,-2.4,GO:0045995,regulation of embryonic development,M1,1,0
19_GO:0001935,1,-2.3,GO:0001935,endothelial cell proliferation,M1,1,0
19_GO:1903706,1,-2.3,GO:1903706,regulation of hemopoiesis,M1,1,0
19_GO:0001944,1,-2,GO:0001944,vasculature development,M1,1,0
6_R-HSA-400042,1,-2.9,R-HSA-400042,"Adrenaline,noradrenaline inhibits insulin secretion",M1,1,0
11_M5885,1,-2.6,M5885,NABA MATRISOME ASSOCIATED,M1,1,0
6_R-HSA-3906995,1,-2.7,R-HSA-3906995,Diseases associated with O-glycosylation of proteins,M1,1,0
24_hsa04925,1,-2.4,hsa04925,Aldosterone synthesis and secretion,M1,1,0
19_GO:0045652,1,-2.5,GO:0045652,regulation of megakaryocyte differentiation,M1,1,0
19_GO:0090287,1,-2.1,GO:0090287,regulation of cellular response to growth factor stimulus,M1,1,0
19_GO:0001667,1,-2.4,GO:0001667,ameboidal-type cell migration,M1,1,0
19_GO:0099084,1,-2.7,GO:0099084,postsynaptic specialization organization,M1,1,0
6_R-HSA-422356,1,-2.5,R-HSA-422356,Regulation of insulin secretion,M1,1,0
19_GO:0001953,1,-2.3,GO:0001953,negative regulation of cell-matrix adhesion,M1,1,0
19_GO:0007160,1,-2.7,GO:0007160,cell-matrix adhesion,M1,1,0
6_R-HSA-6794362,1,-2.3,R-HSA-6794362,Protein-protein interactions at synapses,M1,1,0
19_GO:0034762,1,-2.3,GO:0034762,regulation of transmembrane transport,M1,1,0
6_R-HSA-112316,1,-5.3,R-HSA-112316,Neuronal System,M1,1,0
19_GO:0043269,1,-2,GO:0043269,regulation of ion transport,M1,1,0
19_GO:0030219,1,-2.2,GO:0030219,megakaryocyte differentiation,M1,1,0
19_GO:0050867,1,-2.4,GO:0050867,positive regulation of cell activation,M1,1,0
6_R-HSA-1296072,1,-2.3,R-HSA-1296072,Voltage gated Potassium channels,M1,1,0
6_R-HSA-1296071,1,-3,R-HSA-1296071,Potassium Channels,M1,1,0
19_GO:0043652,1,-3.7,GO:0043652,engulfment of apoptotic cell,M1,1,0
6_R-HSA-112314,1,-2.2,R-HSA-112314,Neurotransmitter receptors and postsynaptic signal transmission,M1,1,0
6_R-HSA-112315,1,-2.2,R-HSA-112315,Transmission across Chemical Synapses,M1,1,0
19_GO:0007162,1,-2.7,GO:0007162,negative regulation of cell adhesion,M1,1,0
19_GO:0003009,1,-2.3,GO:0003009,skeletal muscle contraction,M1,1,0
19_GO:0044344,1,-3.9,GO:0044344,cellular response to fibroblast growth factor stimulus,M1,1,0
